Title,Pokemon Name Japanese,Pokemon Name German,Pokemon Name English,Language Card,National Dex Number,Region,Regional Form,Additional Form,Mega,Gigantamax,Cover,Link,Owned
アーケオス,アーケオス,Aeropteryx,Archeops,Japanese,567,Unova,FALSE,FALSE,FALSE,FALSE,FALSE,,
アーケン,アーケン,Flapteryx,Archen,Japanese,566,Unova,FALSE,FALSE,FALSE,FALSE,FALSE,,
アーゴヨン,アーゴヨン,Agoyon,Naganadel,Japanese,804,Alola,FALSE,FALSE,FALSE,FALSE,FALSE,,
アーボ,アーボ,Rettan,Ekans,Japanese,23,Kanto,FALSE,FALSE,FALSE,FALSE,FALSE,,
アーボック,アーボック,Arbok,Arbok,Japanese,24,Kanto,FALSE,FALSE,FALSE,FALSE,FALSE,,
アーマーガア,アーマーガア,Krarmor,Corviknight,Japanese,823,Galar,FALSE,FALSE,FALSE,FALSE,FALSE,,
アーマルド,アーマルド,Armaldo,Armaldo,Japanese,348,Hoenn,FALSE,FALSE,FALSE,FALSE,FALSE,,
アイアント,アイアント,Fermicula,Durant,Japanese,632,Unova,FALSE,FALSE,FALSE,FALSE,FALSE,,
アオガラス,アオガラス,Kranoviz,Corvisquire,Japanese,822,Galar,FALSE,FALSE,FALSE,FALSE,FALSE,,
アギルダー,アギルダー,Hydragil,Accelgor,Japanese,617,Unova,FALSE,FALSE,FALSE,FALSE,FALSE,,
アクジキング,アクジキング,Schlingking,Guzzlord,Japanese,799,Alola,FALSE,FALSE,FALSE,FALSE,FALSE,,
アグノム,アグノム,Tobutz,Azelf,Japanese,482,Sinnoh,FALSE,FALSE,FALSE,FALSE,FALSE,,
アゲハント,アゲハント,Papinella,Beautifly,Japanese,267,Hoenn,FALSE,FALSE,FALSE,FALSE,FALSE,,
アゴジムシ,アゴジムシ,Mabula,Grubbin,Japanese,736,Alola,FALSE,FALSE,FALSE,FALSE,FALSE,,
アサナン,アサナン,Meditie,Meditite,Japanese,307,Hoenn,FALSE,FALSE,FALSE,FALSE,FALSE,,
アシマリ,アシマリ,Robball,Popplio,Japanese,728,Alola,FALSE,FALSE,FALSE,FALSE,FALSE,,
アシレーヌ,アシレーヌ,Primarene,Primarina,Japanese,730,Alola,FALSE,FALSE,FALSE,FALSE,FALSE,,
アズマオウ,アズマオウ,Golking,Seaking,Japanese,119,Kanto,FALSE,FALSE,FALSE,FALSE,FALSE,,
アチゲータ,アチゲータ,Lokroko,Crocalor,Japanese,910,Paldea,FALSE,FALSE,FALSE,FALSE,FALSE,,
アチャモ,アチャモ,Flemmli,Torchic,Japanese,255,Hoenn,FALSE,FALSE,FALSE,FALSE,FALSE,,
アップリュー,アップリュー,Drapfel,Flapple,Japanese,841,Galar,FALSE,FALSE,FALSE,FALSE,FALSE,,
アノクサ,アノクサ,Weherba,Bramblin,Japanese,946,Paldea,FALSE,FALSE,FALSE,FALSE,FALSE,,
アノプス,アノプス,Anorith,Anorith,Japanese,347,Hoenn,FALSE,FALSE,FALSE,FALSE,FALSE,,
アノホラグサ,アノホラグサ,Horrerba,Brambleghast,Japanese,947,Paldea,FALSE,FALSE,FALSE,FALSE,FALSE,,
アバゴーラ,アバゴーラ,Karippas,Carracosta,Japanese,565,Unova,FALSE,FALSE,FALSE,FALSE,FALSE,,
アブソル,アブソル,Absol,Absol,Japanese,359,Hoenn,FALSE,FALSE,FALSE,FALSE,FALSE,,
アブリー,アブリー,Wommel,Cutiefly,Japanese,742,Alola,FALSE,FALSE,FALSE,FALSE,FALSE,,
アブリボン,アブリボン,Bandelby,Ribombee,Japanese,743,Alola,FALSE,FALSE,FALSE,FALSE,FALSE,,
アマージョ,アマージョ,Fruyal,Tsareena,Japanese,763,Alola,FALSE,FALSE,FALSE,FALSE,FALSE,,
アマカジ,アマカジ,Frubberl,Bounsweet,Japanese,761,Alola,FALSE,FALSE,FALSE,FALSE,FALSE,,
アママイコ,アママイコ,Frubaila,Steenee,Japanese,762,Alola,FALSE,FALSE,FALSE,FALSE,FALSE,,
アマルス,アマルス,Amarino,Amaura,Japanese,698,Kalos,FALSE,FALSE,FALSE,FALSE,FALSE,,
アマルルガ,アマルルガ,Amagarga,Aurorus,Japanese,699,Kalos,FALSE,FALSE,FALSE,FALSE,FALSE,,
アメタマ,アメタマ,Gehweiher,Surskit,Japanese,283,Hoenn,FALSE,FALSE,FALSE,FALSE,FALSE,,
アメモース,アメモース,Maskeregen,Masquerain,Japanese,284,Hoenn,FALSE,FALSE,FALSE,FALSE,FALSE,,
アヤシシ,アヤシシ,Damythir,Wyrdeer,Japanese,899,Galar,FALSE,FALSE,FALSE,FALSE,FALSE,,
アラブルタケ,アラブルタケ,Wutpilz,Brute Bonnet,Japanese,986,Paldea,FALSE,FALSE,FALSE,FALSE,FALSE,,
アリアドス,アリアドス,Ariados,Ariados,Japanese,168,Johto,FALSE,FALSE,FALSE,FALSE,FALSE,,
アリゲイツ,アリゲイツ,Tyracroc,Croconaw,Japanese,159,Johto,FALSE,FALSE,FALSE,FALSE,FALSE,,
アルクジラ,アルクジラ,Flaniwal,Cetoddle,Japanese,974,Paldea,FALSE,FALSE,FALSE,FALSE,FALSE,,
アルセウス,アルセウス,Arceus,Arceus,Japanese,493,Sinnoh,FALSE,FALSE,FALSE,FALSE,FALSE,,
アローラのイシツブテ,イシツブテ,Kleinstein,Geodude,Japanese,74,Alola,TRUE,FALSE,FALSE,FALSE,FALSE,,
アローラのガラガラ,ガラガラ,Knogga,Marowak,Japanese,105,Alola,TRUE,FALSE,FALSE,FALSE,FALSE,,
アローラのキュウコン,キュウコン,Vulnona,Ninetales,Japanese,38,Alola,TRUE,FALSE,FALSE,FALSE,FALSE,,
アローラのコラッタ,コラッタ,Rattfratz,Rattata,Japanese,19,Alola,TRUE,FALSE,FALSE,FALSE,FALSE,,
アローラのゴローニャ,ゴローニャ,Geowaz,Golem,Japanese,76,Alola,TRUE,FALSE,FALSE,FALSE,FALSE,,
アローラのゴローン,ゴローン,Georok,Graveler,Japanese,75,Alola,TRUE,FALSE,FALSE,FALSE,FALSE,,
アローラのサンド,サンド,Sandan,Sandshrew,Japanese,27,Alola,TRUE,FALSE,FALSE,FALSE,FALSE,,
アローラのサンドパン,サンドパン,Sandamer,Sandslash,Japanese,28,Alola,TRUE,FALSE,FALSE,FALSE,FALSE,,
アローラのダグトリオ,ダグトリオ,Digdri,Dugtrio,Japanese,51,Alola,TRUE,FALSE,FALSE,FALSE,FALSE,,
アローラのヂィグダ,ヂィグダ,Digda,Diglett,Japanese,50,Alola,TRUE,FALSE,FALSE,FALSE,FALSE,,
アローラのナッシー,ナッシー,Kokowei,Exeggutor,Japanese,103,Alola,TRUE,FALSE,FALSE,FALSE,FALSE,,
アローラのニャース,ニャース,Mauzi,Meowth,Japanese,52,Alola,TRUE,FALSE,FALSE,FALSE,FALSE,,
アローラのベトベター,ベトベター,Sleima,Grimer,Japanese,88,Alola,TRUE,FALSE,FALSE,FALSE,FALSE,,
アローラのベトベトン,ベトベトン,Sleimok,Muk,Japanese,89,Alola,TRUE,FALSE,FALSE,FALSE,FALSE,,
アローラのペルシアン,ペルシアン,Snobilikat,Persian,Japanese,53,Alola,TRUE,FALSE,FALSE,FALSE,FALSE,,
アローラのライチュウ,ライチュウ,Raichu,Raichu,Japanese,26,Alola,TRUE,FALSE,FALSE,FALSE,FALSE,,
アローラのラッタ,ラッタ,Rattikarl,Raticate,Japanese,20,Alola,TRUE,FALSE,FALSE,FALSE,FALSE,,
アローラのロコン,ロコン,Vulpix,Vulpix,Japanese,37,Alola,TRUE,FALSE,FALSE,FALSE,FALSE,,
アンノーン,アンノーン,Icognito,Unown,Japanese,201,Johto,FALSE,FALSE,FALSE,FALSE,FALSE,,
イイネイヌ,イイネイヌ,Boninu,Okidogi,Japanese,1014,Paldea,FALSE,FALSE,FALSE,FALSE,FALSE,,
イーブイ,イーブイ,Evoli,Eevee,Japanese,133,Kanto,FALSE,FALSE,FALSE,FALSE,FALSE,,
イーユイ,イーユイ,Yuyu,Chi-Yu,Japanese,1004,Paldea,FALSE,FALSE,FALSE,FALSE,FALSE,,
イエッサン,イエッサン,Servol,Indeedee,Japanese,876,Galar,FALSE,FALSE,FALSE,FALSE,FALSE,,
イオルブ,イオルブ,Maritellit,Orbeetle,Japanese,826,Galar,FALSE,FALSE,FALSE,FALSE,FALSE,,
イキリンコ,イキリンコ,Krawalloro,Squawkabilly,Japanese,931,Paldea,FALSE,FALSE,FALSE,FALSE,FALSE,,
イシズマイ,イシズマイ,Lithomith,Dwebble,Japanese,557,Unova,FALSE,FALSE,FALSE,FALSE,FALSE,,
イシツブテ,イシツブテ,Kleinstein,Geodude,Japanese,74,Kanto,FALSE,FALSE,FALSE,FALSE,FALSE,,
イシヘンジン,イシヘンジン,Humanolith,Stonjourner,Japanese,874,Galar,FALSE,FALSE,FALSE,FALSE,FALSE,,
イダイナキバ,イダイナキバ,Riesenzahn,Great Tusk,Japanese,984,Paldea,FALSE,FALSE,FALSE,FALSE,FALSE,,
イッカネズミ,イッカネズミ,Famieps,Maushold,Japanese,925,Paldea,FALSE,FALSE,FALSE,FALSE,FALSE,,
イトマル,イトマル,Webarak,Spinarak,Japanese,167,Johto,FALSE,FALSE,FALSE,FALSE,FALSE,,
イノムー,イノムー,Keifel,Piloswine,Japanese,221,Johto,FALSE,FALSE,FALSE,FALSE,FALSE,,
イベルタル,イベルタル,Yveltal,Yveltal,Japanese,717,Kalos,FALSE,FALSE,FALSE,FALSE,FALSE,,
イヤイトウ,イヤイトウ,Salmagnis,Basculegion,Japanese,902,Galar,FALSE,FALSE,FALSE,FALSE,FALSE,,
イルカマン,イルカマン,Delfinator,Palafin,Japanese,964,Paldea,FALSE,FALSE,FALSE,FALSE,FALSE,,
イルカマンひーろモード,イルカマン,Delfinator,Palafin,Japanese,964,Paldea,FALSE,FALSE,FALSE,FALSE,FALSE,,
イルミーゼ,イルミーゼ,Illumise,Illumise,Japanese,314,Hoenn,FALSE,FALSE,FALSE,FALSE,FALSE,,
イワーク,イワーク,Onix,Onix,Japanese,95,Kanto,FALSE,FALSE,FALSE,FALSE,FALSE,,
イワパレス,イワパレス,Castellith,Crustle,Japanese,558,Unova,FALSE,FALSE,FALSE,FALSE,FALSE,,
イワンコ,イワンコ,Wufffels,Rockruff,Japanese,744,Alola,FALSE,FALSE,FALSE,FALSE,FALSE,,
インテレオン,インテレオン,Intelleon,Inteleon,Japanese,818,Galar,FALSE,FALSE,FALSE,FALSE,FALSE,,
ウインヂィ,ウインヂィ,Arkani,Arcanine,Japanese,59,Kanto,FALSE,FALSE,FALSE,FALSE,FALSE,,
ウーラオス,ウーラオス,Wulaosu,Urshifu,Japanese,892,Galar,FALSE,FALSE,FALSE,FALSE,FALSE,,
ウールー,ウールー,Wolly,Wooloo,Japanese,831,Galar,FALSE,FALSE,FALSE,FALSE,FALSE,,
ウェーニバル,ウェーニバル,Bailonda,Quaquaval,Japanese,914,Paldea,FALSE,FALSE,FALSE,FALSE,FALSE,,
ウェルカモ,ウェルカモ,Fuentente,Quaxwell,Japanese,913,Paldea,FALSE,FALSE,FALSE,FALSE,FALSE,,
ウォーグル,ウォーグル,Washakwil,Braviary,Japanese,628,Unova,FALSE,FALSE,FALSE,FALSE,FALSE,,
ウォッシュロトム,ロトム,Rotom,Rotom,Japanese,479,Sinnoh,FALSE,TRUE,FALSE,FALSE,FALSE,,
ウオノラゴン,ウオノラゴン,Pescragon,Dracovish,Japanese,882,Galar,FALSE,FALSE,FALSE,FALSE,FALSE,,
ウオノルドン,ウオノルドン,Pescryodon,Arctovish,Japanese,883,Galar,FALSE,FALSE,FALSE,FALSE,FALSE,,
ウガツホムラ,ウガツホムラ,Keilflamme,Gouging Fire,Japanese,1020,Paldea,FALSE,FALSE,FALSE,FALSE,FALSE,,
ウソッキー,ウソッキー,Mogelbaum,Sudowoodo,Japanese,185,Johto,FALSE,FALSE,FALSE,FALSE,FALSE,,
ウソハチ,ウソハチ,Mobai,Bonsly,Japanese,438,Sinnoh,FALSE,FALSE,FALSE,FALSE,FALSE,,
ウッウ,ウッウ,Urgl,Cramorant,Japanese,845,Galar,FALSE,FALSE,FALSE,FALSE,FALSE,,
ウツドン,ウツドン,Ultrigaria,Weepinbell,Japanese,70,Kanto,FALSE,FALSE,FALSE,FALSE,FALSE,,
ウツボット,ウツボット,Sarzenia,Victreebel,Japanese,71,Kanto,FALSE,FALSE,FALSE,FALSE,FALSE,,
ウツロイド,ウツロイド,Anego,Nihilego,Japanese,793,Alola,FALSE,FALSE,FALSE,FALSE,FALSE,,
ウデッポウ,ウデッポウ,Scampisto,Clauncher,Japanese,692,Kalos,FALSE,FALSE,FALSE,FALSE,FALSE,,
ウネルミナモ,ウネルミナモ,Windewoge,Walking Wake,Japanese,1009,Paldea,FALSE,FALSE,FALSE,FALSE,FALSE,,
ウパー,ウパー,Felino,Wooper,Japanese,194,Johto,FALSE,FALSE,FALSE,FALSE,FALSE,,
ウミヂィグダ,ウミヂィグダ,Schligda,Wiglett,Japanese,960,Paldea,FALSE,FALSE,FALSE,FALSE,FALSE,,
ウミトリオ,ウミトリオ,Schligdri,Wugtrio,Japanese,961,Paldea,FALSE,FALSE,FALSE,FALSE,FALSE,,
ウリムー,ウリムー,Quiekel,Swinub,Japanese,220,Johto,FALSE,FALSE,FALSE,FALSE,FALSE,,
ウルガモス,ウルガモス,Ramoth,Volcarona,Japanese,637,Unova,FALSE,FALSE,FALSE,FALSE,FALSE,,
エアームド,エアームド,Panzaeron,Skarmory,Japanese,227,Johto,FALSE,FALSE,FALSE,FALSE,FALSE,,
エイパム,エイパム,Griffel,Aipom,Japanese,190,Johto,FALSE,FALSE,FALSE,FALSE,FALSE,,
エースバーン,エースバーン,Liberlo,Cinderace,Japanese,815,Galar,FALSE,FALSE,FALSE,FALSE,FALSE,,
エーフィ,エーフィ,Psiana,Espeon,Japanese,196,Johto,FALSE,FALSE,FALSE,FALSE,FALSE,,
エクスレッグ,エクスレッグ,Lextremo,Lokix,Japanese,920,Paldea,FALSE,FALSE,FALSE,FALSE,FALSE,,
エテボース,エテボース,Ambidiffel,Ambipom,Japanese,424,Sinnoh,FALSE,FALSE,FALSE,FALSE,FALSE,,
エネコ,エネコ,Eneco,Skitty,Japanese,300,Hoenn,FALSE,FALSE,FALSE,FALSE,FALSE,,
エネコロロ,エネコロロ,Enekoro,Delcatty,Japanese,301,Hoenn,FALSE,FALSE,FALSE,FALSE,FALSE,,
エビワラー,エビワラー,Nokchan,Hitmonchan,Japanese,107,Kanto,FALSE,FALSE,FALSE,FALSE,FALSE,,
エムリット,エムリット,Vesprit,Mesprit,Japanese,481,Sinnoh,FALSE,FALSE,FALSE,FALSE,FALSE,,
エモンガ,エモンガ,Emolga,Emolga,Japanese,587,Unova,FALSE,FALSE,FALSE,FALSE,FALSE,,
エリキテル,エリキテル,Eguana,Helioptile,Japanese,694,Kalos,FALSE,FALSE,FALSE,FALSE,FALSE,,
エルフーン,エルフーン,Elfun,Whimsicott,Japanese,547,Unova,FALSE,FALSE,FALSE,FALSE,FALSE,,
エルレイド,エルレイド,Galagladi,Gallade,Japanese,475,Sinnoh,FALSE,FALSE,FALSE,FALSE,FALSE,,
エレキッド,エレキッド,Elekid,Elekid,Japanese,239,Johto,FALSE,FALSE,FALSE,FALSE,FALSE,,
エレキブル,エレキブル,Elevoltek,Electivire,Japanese,466,Sinnoh,FALSE,FALSE,FALSE,FALSE,FALSE,,
エレザード,エレザード,Elezard,Heliolisk,Japanese,695,Kalos,FALSE,FALSE,FALSE,FALSE,FALSE,,
エレゼン,エレゼン,Toxel,Toxel,Japanese,848,Galar,FALSE,FALSE,FALSE,FALSE,FALSE,,
エレブー,エレブー,Elektek,Electabuzz,Japanese,125,Kanto,FALSE,FALSE,FALSE,FALSE,FALSE,,
エンテイ,エンテイ,Entei,Entei,Japanese,244,Johto,FALSE,FALSE,FALSE,FALSE,FALSE,,
エンニュート,エンニュート,Amfira,Salazzle,Japanese,758,Alola,FALSE,FALSE,FALSE,FALSE,FALSE,,
エンブオー,エンブオー,Flambirex,Emboar,Japanese,500,Unova,FALSE,FALSE,FALSE,FALSE,FALSE,,
エンペルト,エンペルト,Impoleon,Empoleon,Japanese,395,Sinnoh,FALSE,FALSE,FALSE,FALSE,FALSE,,
オーガポン かまどのめん,オーガポン,Ogerpon,Ogerpon,Japanese,1017,Paldea,FALSE,TRUE,FALSE,FALSE,FALSE,,
オーガポンいしずえのめん,オーガポン,Ogerpon,Ogerpon,Japanese,1017,Paldea,FALSE,TRUE,FALSE,FALSE,FALSE,,
オーガポンいどのめん,オーガポン,Ogerpon,Ogerpon,Japanese,1017,Paldea,FALSE,TRUE,FALSE,FALSE,FALSE,,
オーガポンみどりのめん,オーガポン,Ogerpon,Ogerpon,Japanese,1017,Paldea,FALSE,TRUE,FALSE,FALSE,FALSE,,
オオスバメ,オオスバメ,Schwalboss,Swellow,Japanese,277,Hoenn,FALSE,FALSE,FALSE,FALSE,FALSE,,
オーダイル,オーダイル,Impergator,Feraligatr,Japanese,160,Johto,FALSE,FALSE,FALSE,FALSE,FALSE,,
オオタチ,オオタチ,Wiesenior,Furret,Japanese,162,Johto,FALSE,FALSE,FALSE,FALSE,FALSE,,
オオニューラ,オオニューラ,Snieboss,Sneasler,Japanese,903,Galar,FALSE,FALSE,FALSE,FALSE,FALSE,,
オーベム,オーベム,Megalon,Beheeyem,Japanese,606,Unova,FALSE,FALSE,FALSE,FALSE,FALSE,,
オーロット,オーロット,Trombork,Trevenant,Japanese,709,Kalos,FALSE,FALSE,FALSE,FALSE,FALSE,,
オーロンゲ,オーロンゲ,Olangaar,Grimmsnarl,Japanese,861,Galar,FALSE,FALSE,FALSE,FALSE,FALSE,,
オクタン,オクタン,Octillery,Octillery,Japanese,224,Johto,FALSE,FALSE,FALSE,FALSE,FALSE,,
オコリザル,オコリザル,Rasaff,Primeape,Japanese,57,Kanto,FALSE,FALSE,FALSE,FALSE,FALSE,,
オシャマリ,オシャマリ,Marikeck,Brionne,Japanese,729,Alola,FALSE,FALSE,FALSE,FALSE,FALSE,,
オタチ,オタチ,Wiesor,Sentret,Japanese,161,Johto,FALSE,FALSE,FALSE,FALSE,FALSE,,
オタマロ,オタマロ,Schallquap,Tympole,Japanese,535,Unova,FALSE,FALSE,FALSE,FALSE,FALSE,,
オドシシ,オドシシ,Damhirplex,Stantler,Japanese,234,Johto,FALSE,FALSE,FALSE,FALSE,FALSE,,
オトシドリ,オトシドリ,Adebom,Bombirdier,Japanese,962,Paldea,FALSE,FALSE,FALSE,FALSE,FALSE,,
オトスパス,オトスパス,Kaocto,Grapploct,Japanese,853,Galar,FALSE,FALSE,FALSE,FALSE,FALSE,,
オドリドリ ふらふらスタイル,オドリドリ,Choreogel,Oricorio,Japanese,741,Alola,FALSE,TRUE,FALSE,FALSE,FALSE,,
オドリドリ まいまいスタイル,オドリドリ,Choreogel,Oricorio,Japanese,741,Alola,FALSE,TRUE,FALSE,FALSE,FALSE,,
オドリドリぱちぱちスタイル,オドリドリ,Choreogel,Oricorio,Japanese,741,Alola,FALSE,TRUE,FALSE,FALSE,FALSE,,
オドリドリめらめらスタイル,オドリドリ,Choreogel,Oricorio,Japanese,741,Alola,FALSE,TRUE,FALSE,FALSE,FALSE,,
オニゴーリ,オニゴーリ,Fimontor,Glalie,Japanese,362,Hoenn,FALSE,FALSE,FALSE,FALSE,FALSE,,
オニシズクモ,オニシズクモ,Aranestro,Araquanid,Japanese,752,Alola,FALSE,FALSE,FALSE,FALSE,FALSE,,
オニスズメ,オニスズメ,Habitak,Spearow,Japanese,21,Kanto,FALSE,FALSE,FALSE,FALSE,FALSE,,
オニドリル,オニドリル,Ibitak,Fearow,Japanese,22,Kanto,FALSE,FALSE,FALSE,FALSE,FALSE,,
オノノクス,オノノクス,Maxax,Haxorus,Japanese,612,Unova,FALSE,FALSE,FALSE,FALSE,FALSE,,
オノンド,オノンド,Sharfax,Fraxure,Japanese,611,Unova,FALSE,FALSE,FALSE,FALSE,FALSE,,
オムスター,オムスター,Amoroso,Omastar,Japanese,139,Kanto,FALSE,FALSE,FALSE,FALSE,FALSE,,
オムナイト,オムナイト,Amonitas,Omanyte,Japanese,138,Kanto,FALSE,FALSE,FALSE,FALSE,FALSE,,
オラチフ,オラチフ,Mobtiff,Maschiff,Japanese,942,Paldea,FALSE,FALSE,FALSE,FALSE,FALSE,,
オリーヴァ,オリーヴァ,Olithena,Arboliva,Japanese,930,Paldea,FALSE,FALSE,FALSE,FALSE,FALSE,,
オリーニョ,オリーニョ,Olivinio,Dolliv,Japanese,929,Paldea,FALSE,FALSE,FALSE,FALSE,FALSE,,
オンバーン,オンバーン,UHaFnir,Noivern,Japanese,715,Kalos,FALSE,FALSE,FALSE,FALSE,FALSE,,
オンバット,オンバット,eF-eM,Noibat,Japanese,714,Kalos,FALSE,FALSE,FALSE,FALSE,FALSE,,
ガーヂィ,ガーヂィ,Fuakno,Growlithe,Japanese,58,Kanto,FALSE,FALSE,FALSE,FALSE,FALSE,,
ガーメイル,ガーメイル,Moterpel,Mothim,Japanese,414,Sinnoh,FALSE,FALSE,FALSE,FALSE,FALSE,,
カイオーガ,カイオーガ,Kyogre,Kyogre,Japanese,382,Hoenn,FALSE,FALSE,FALSE,FALSE,FALSE,,
カイデン,カイデン,Voltrel,Wattrel,Japanese,940,Paldea,FALSE,FALSE,FALSE,FALSE,FALSE,,
カイリキー,カイリキー,Machomei,Machamp,Japanese,68,Kanto,FALSE,FALSE,FALSE,FALSE,FALSE,,
カイリュウ,カイリュウ,Dragoran,Dragonite,Japanese,149,Kanto,FALSE,FALSE,FALSE,FALSE,FALSE,,
カイロス,カイロス,Pinsir,Pinsir,Japanese,127,Kanto,FALSE,FALSE,FALSE,FALSE,FALSE,,
カエンジシ,カエンジシ,Pyroleo,Pyroar,Japanese,668,Kalos,FALSE,FALSE,FALSE,FALSE,FALSE,,
ガオガエン,ガオガエン,Fuegro,Incineroar,Japanese,727,Alola,FALSE,FALSE,FALSE,FALSE,FALSE,,
カクレオン,カクレオン,Kecleon,Kecleon,Japanese,352,Hoenn,FALSE,FALSE,FALSE,FALSE,FALSE,,
ガケガニ,ガケガニ,Klibbe,Klawf,Japanese,950,Paldea,FALSE,FALSE,FALSE,FALSE,FALSE,,
カゲボオズ,カゲボオズ,Bannette,Shuppet,Japanese,353,Hoenn,FALSE,FALSE,FALSE,FALSE,FALSE,,
カジッチュ,カジッチュ,Knapfel,Applin,Japanese,840,Galar,FALSE,FALSE,FALSE,FALSE,FALSE,,
カジリガメ,カジリガメ,Kamalm,Drednaw,Japanese,834,Galar,FALSE,FALSE,FALSE,FALSE,FALSE,,
ガチグマ,ガチグマ,Ursaluna,Ursaluna,Japanese,901,Galar,FALSE,FALSE,FALSE,FALSE,FALSE,,
カチコール,カチコール,Arktip,Bergmite,Japanese,712,Kalos,FALSE,FALSE,FALSE,FALSE,FALSE,,
ガチゴラス,ガチゴラス,Monargoras,Tyrantrum,Japanese,697,Kalos,FALSE,FALSE,FALSE,FALSE,FALSE,,
カットロトム,ロトム,Rotom,Rotom,Japanese,479,Sinnoh,FALSE,TRUE,FALSE,FALSE,FALSE,,
カヌチャン,カヌチャン,Forgita,Tinkatink,Japanese,957,Paldea,FALSE,FALSE,FALSE,FALSE,FALSE,,
ガバイト,ガバイト,Knarksel,Gabite,Japanese,444,Sinnoh,FALSE,FALSE,FALSE,FALSE,FALSE,,
カバルドン,カバルドン,Hippoterus,Hippowdon,Japanese,450,Sinnoh,FALSE,FALSE,FALSE,FALSE,FALSE,,
カビゴン,カビゴン,Relaxo,Snorlax,Japanese,143,Kanto,FALSE,FALSE,FALSE,FALSE,FALSE,,
カプ・コケコ,カプ・コケコ,Kapu-Riki,Tapu Koko,Japanese,785,Alola,FALSE,FALSE,FALSE,FALSE,FALSE,,
カプ・テテフ,カプ・テテフ,Kapu-Fala,Tapu Lele,Japanese,786,Alola,FALSE,FALSE,FALSE,FALSE,FALSE,,
カプ・ブルル,カプ・ブルル,Kapu-Toro,Tapu Bulu,Japanese,787,Alola,FALSE,FALSE,FALSE,FALSE,FALSE,,
カプ・レヒレ,カプ・レヒレ,Kapu-Kime,Tapu Fini,Japanese,788,Alola,FALSE,FALSE,FALSE,FALSE,FALSE,,
カプサイジ,カプサイジ,Chilingel,Capsakid,Japanese,951,Paldea,FALSE,FALSE,FALSE,FALSE,FALSE,,
カブト,カブト,Kabuto,Kabuto,Japanese,140,Kanto,FALSE,FALSE,FALSE,FALSE,FALSE,,
カブトプス,カブトプス,Kabutops,Kabutops,Japanese,141,Kanto,FALSE,FALSE,FALSE,FALSE,FALSE,,
ガブリアス,ガブリアス,Knakrack,Garchomp,Japanese,445,Sinnoh,FALSE,FALSE,FALSE,FALSE,FALSE,,
カブルモ,カブルモ,Laukaps,Karrablast,Japanese,588,Unova,FALSE,FALSE,FALSE,FALSE,FALSE,,
カポエラー,カポエラー,Kapoera,Hitmontop,Japanese,237,Johto,FALSE,FALSE,FALSE,FALSE,FALSE,,
ガマガル,ガマガル,Mebrana,Palpitoad,Japanese,536,Unova,FALSE,FALSE,FALSE,FALSE,FALSE,,
ガマゲロゲ,ガマゲロゲ,Branawarz,Seismitoad,Japanese,537,Unova,FALSE,FALSE,FALSE,FALSE,FALSE,,
カマスジョー,カマスジョー,Barrakiefa,Barraskewda,Japanese,847,Galar,FALSE,FALSE,FALSE,FALSE,FALSE,,
カミツオロチ,カミツオロチ,Hydrapfel,Hydrapple,Japanese,1019,Paldea,FALSE,FALSE,FALSE,FALSE,FALSE,,
カミッチュ,カミッチュ,Sirapfel,Dipplin,Japanese,1011,Paldea,FALSE,FALSE,FALSE,FALSE,FALSE,,
カミツルギ,カミツルギ,Katagami,Kartana,Japanese,798,Alola,FALSE,FALSE,FALSE,FALSE,FALSE,,
カムカメ,カムカメ,Kamehaps,Chewtle,Japanese,833,Galar,FALSE,FALSE,FALSE,FALSE,FALSE,,
カメール,カメール,Schillok,Wartortle,Japanese,8,Kanto,FALSE,FALSE,FALSE,FALSE,FALSE,,
カメックス,カメックス,Turtok,Blastoise,Japanese,9,Kanto,FALSE,FALSE,FALSE,FALSE,FALSE,,
カメテテ,カメテテ,Bithora,Binacle,Japanese,688,Kalos,FALSE,FALSE,FALSE,FALSE,FALSE,,
ガメノデス,ガメノデス,Thanathora,Barbaracle,Japanese,689,Kalos,FALSE,FALSE,FALSE,FALSE,FALSE,,
カモネギ,カモネギ,Porenta,Farfetch'd,Japanese,83,Kanto,FALSE,FALSE,FALSE,FALSE,FALSE,,
カラカラ,カラカラ,Tragosso,Cubone,Japanese,104,Kanto,FALSE,FALSE,FALSE,FALSE,FALSE,,
ガラガラ,ガラガラ,Knogga,Marowak,Japanese,105,Kanto,FALSE,FALSE,FALSE,FALSE,FALSE,,
カラサリス,カラサリス,Schaloko,Silcoon,Japanese,266,Hoenn,FALSE,FALSE,FALSE,FALSE,FALSE,,
カラナクシにしうみ,カラナクシ,Schalellos,Shellos,Japanese,422,Sinnoh,FALSE,TRUE,FALSE,FALSE,FALSE,,
カラナクシひがしうみ,カラナクシ,Schalellos,Shellos,Japanese,422,Sinnoh,FALSE,TRUE,FALSE,FALSE,FALSE,,
カラマネロ,カラマネロ,Calamanero,Malamar,Japanese,687,Kalos,FALSE,FALSE,FALSE,FALSE,FALSE,,
カラミンゴ,カラミンゴ,Flaminkno,Flamigo,Japanese,973,Paldea,FALSE,FALSE,FALSE,FALSE,FALSE,,
ガラルのカモネギ,カモネギ,Porenta,Farfetch'd,Japanese,83,Galar,TRUE,FALSE,FALSE,FALSE,FALSE,,
ガラルのギャロップ,ギャロップ,Gallopa,Rapidash,Japanese,78,Galar,TRUE,FALSE,FALSE,FALSE,FALSE,,
ガラルのサニーゴ,サニーゴ,Corasonn,Corsola,Japanese,222,Galar,TRUE,FALSE,FALSE,FALSE,FALSE,,
ガラルのサンダー,サンダー,Zapdos,Zapdos,Japanese,145,Galar,TRUE,FALSE,FALSE,FALSE,FALSE,,
ガラルのジグザグマ,ジグザグマ,Zigzachs,Zigzagoon,Japanese,263,Galar,TRUE,FALSE,FALSE,FALSE,FALSE,,
ガラルのダルマッカ,ダルマッカ,Flampion,Darumaka,Japanese,554,Galar,TRUE,FALSE,FALSE,FALSE,FALSE,,
ガラルのデスマス,デスマス,Makabaja,Yamask,Japanese,562,Galar,TRUE,FALSE,FALSE,FALSE,FALSE,,
ガラルののニャース,ニャース,Mauzi,Meowth,Japanese,52,Galar,TRUE,FALSE,FALSE,FALSE,FALSE,,
ガラルのバリヤード,バリヤード,Pantimos,Mr. Mime,Japanese,122,Galar,TRUE,FALSE,FALSE,FALSE,FALSE,,
ガラルのヒヒダルマ,ヒヒダルマ,Flampivian,Darmanitan,Japanese,555,Galar,TRUE,FALSE,FALSE,FALSE,FALSE,,
ガラルのヒヒダルマゼンモード,ヒヒダルマ,Flampivian,Darmanitan,Japanese,555,Galar,TRUE,TRUE,FALSE,FALSE,FALSE,,
ガラルのファイヤー,ファイヤー,Lavados,Moltres,Japanese,146,Galar,TRUE,FALSE,FALSE,FALSE,FALSE,,
ガラルのフリーザー,フリーザー,Arktos,Articuno,Japanese,144,Galar,TRUE,FALSE,FALSE,FALSE,FALSE,,
ガラルのポニータ,ポニータ,Ponyta,Ponyta,Japanese,77,Galar,TRUE,FALSE,FALSE,FALSE,FALSE,,
ガラルのマタドカース,マタドカース,Smogmog,Weezing,Japanese,110,Galar,TRUE,FALSE,FALSE,FALSE,FALSE,,
ガラルのマッギョ,マッギョ,Flunschlik,Stunfisk,Japanese,618,Galar,TRUE,FALSE,FALSE,FALSE,FALSE,,
ガラルのマッスグマ,マッスグマ,Geradaks,Linoone,Japanese,264,Galar,TRUE,FALSE,FALSE,FALSE,FALSE,,
ガラルのヤドキング,ヤドキング,Laschoking,Slowking,Japanese,199,Galar,TRUE,FALSE,FALSE,FALSE,FALSE,,
ガラルのヤドラン,ヤドラン,Lahmus,Slowbro,Japanese,80,Galar,TRUE,FALSE,FALSE,FALSE,FALSE,,
ガラルのヤドン,ヤドン,Flegmon,Slowpoke,Japanese,79,Galar,TRUE,FALSE,FALSE,FALSE,FALSE,,
カリキリ,カリキリ,Imantis,Fomantis,Japanese,753,Alola,FALSE,FALSE,FALSE,FALSE,FALSE,,
ガルーラ,ガルーラ,Kangama,Kangaskhan,Japanese,115,Kanto,FALSE,FALSE,FALSE,FALSE,FALSE,,
カルボウ,カルボウ,Knarbon,Charcadet,Japanese,935,Paldea,FALSE,FALSE,FALSE,FALSE,FALSE,,
ガントル,ガントル,Sedimantur,Boldore,Japanese,525,Unova,FALSE,FALSE,FALSE,FALSE,FALSE,,
ギアル,ギアル,Klikk,Klink,Japanese,599,Unova,FALSE,FALSE,FALSE,FALSE,FALSE,,
ギガイアス,ギガイアス,Brockoloss,Gigalith,Japanese,526,Unova,FALSE,FALSE,FALSE,FALSE,FALSE,,
ギガンタマックスアーマーガア,アーマーガア,Krarmor,Corviknight,Japanese,823,Galar,FALSE,FALSE,FALSE,TRUE,FALSE,,
ギガンタマックスアップリュー,アップリュー,Drapfel,Flapple,Japanese,841,Galar,FALSE,FALSE,FALSE,TRUE,FALSE,,
ギガンタマックスイーブイ,イーブイ,Evoli,Eevee,Japanese,133,Kanto,FALSE,FALSE,FALSE,TRUE,FALSE,,
ギガンタマックスイオルブ,イオルブ,Maritellit,Orbeetle,Japanese,826,Galar,FALSE,FALSE,FALSE,TRUE,FALSE,,
ギガンタマックスインテレオン,インテレオン,Intelleon,Inteleon,Japanese,818,Galar,FALSE,FALSE,FALSE,TRUE,FALSE,,
ギガンタマックスウーラオス,ウーラオス,Wulaosu,Urshifu,Japanese,892,Galar,FALSE,FALSE,FALSE,TRUE,FALSE,,
ギガンタマックスウーラオス2,ウーラオス,Wulaosu,Urshifu,Japanese,892,Galar,FALSE,FALSE,FALSE,TRUE,FALSE,,
ギガンタマックスエースバーン,エースバーン,Liberlo,Cinderace,Japanese,815,Galar,FALSE,FALSE,FALSE,TRUE,FALSE,,
ギガンタマックスオーロンゲ,オーロンゲ,Olangaar,Grimmsnarl,Japanese,861,Galar,FALSE,FALSE,FALSE,TRUE,FALSE,,
ギガンタマックスカイリキー,カイリキー,Machomei,Machamp,Japanese,68,Kanto,FALSE,FALSE,FALSE,TRUE,FALSE,,
ギガンタマックスカジリガメ,カジリガメ,Kamalm,Drednaw,Japanese,834,Galar,FALSE,FALSE,FALSE,TRUE,FALSE,,
ギガンタマックスカビゴン,カビゴン,Relaxo,Snorlax,Japanese,143,Kanto,FALSE,FALSE,FALSE,TRUE,FALSE,,
ギガンタマックスカメックス,カメックス,Turtok,Blastoise,Japanese,9,Kanto,FALSE,FALSE,FALSE,TRUE,FALSE,,
ギガンタマックスキングラー,キングラー,Kingler,Kingler,Japanese,99,Kanto,FALSE,FALSE,FALSE,TRUE,FALSE,,
ギガンタマックスゲンガー,ゲンガー,Gengar,Gengar,Japanese,94,Kanto,FALSE,FALSE,FALSE,TRUE,FALSE,,
ギガンタマックスゴリランダー,ゴリランダー,Gortrom,Rillaboom,Japanese,812,Galar,FALSE,FALSE,FALSE,TRUE,FALSE,,
ギガンタマックスサダイジャ,サダイジャ,Sanaconda,Sandaconda,Japanese,844,Galar,FALSE,FALSE,FALSE,TRUE,FALSE,,
ギガンタマックスジュラルドン,ジュラルドン,Duraludon,Duraludon,Japanese,884,Galar,FALSE,FALSE,FALSE,TRUE,FALSE,,
ギガンタマックスストリンダー,ストリンダー,Riffex,Toxtricity,Japanese,849,Galar,FALSE,FALSE,FALSE,TRUE,FALSE,,
ギガンタマックスセキタンザン,セキタンザン,Montecarbo,Coalossal,Japanese,839,Galar,FALSE,FALSE,FALSE,TRUE,FALSE,,
ギガンタマックスダイオウドウ,ダイオウドウ,Patinaraja,Copperajah,Japanese,879,Galar,FALSE,FALSE,FALSE,TRUE,FALSE,,
ギガンタマックスダストダス,ダストダス,Deponitox,Garbodor,Japanese,569,Unova,FALSE,FALSE,FALSE,TRUE,FALSE,,
ギガンタマックスタルップル,タルップル,Schlapfel,Appletun,Japanese,842,Galar,FALSE,FALSE,FALSE,TRUE,FALSE,,
ギガンタマックスニャース,ニャース,Mauzi,Meowth,Japanese,52,Kanto,FALSE,FALSE,FALSE,TRUE,FALSE,,
ギガンタマックスバタフリー,バタフリー,Smettbo,Butterfree,Japanese,12,Kanto,FALSE,FALSE,FALSE,TRUE,FALSE,,
ギガンタマックスピカチュウ,ピカチュウ,Pikachu,Pikachu,Japanese,25,Kanto,FALSE,FALSE,FALSE,TRUE,FALSE,,
ギガンたマックスフシギバナ,フシギバナ,Bisaflor,Venusaur,Japanese,3,Kanto,FALSE,FALSE,FALSE,TRUE,FALSE,,
ギガンタマックスブリムオン,ブリムオン,Silembrim,Hatterene,Japanese,858,Galar,FALSE,FALSE,FALSE,TRUE,FALSE,,
ギガンタマックスマホイップ,マホイップ,Pokusan,Alcremie,Japanese,869,Galar,FALSE,FALSE,FALSE,TRUE,FALSE,,
ギガンタマックスマルヤクデ,マルヤクデ,Infernopod,Centiskorch,Japanese,851,Galar,FALSE,FALSE,FALSE,TRUE,FALSE,,
ギガンタマックスメルメタル,メルメタル,Melmetal,Melmetal,Japanese,809,Alola,FALSE,FALSE,FALSE,TRUE,FALSE,,
ギガンタマックスラプラス,ラプラス,Lapras,Lapras,Japanese,131,Kanto,FALSE,FALSE,FALSE,TRUE,FALSE,,
ギガンタマックスリザードン,リザードン,Glurak,Charizard,Japanese,6,Kanto,FALSE,FALSE,FALSE,TRUE,FALSE,,
ギギアル,ギギアル,Kliklak,Klang,Japanese,600,Unova,FALSE,FALSE,FALSE,FALSE,FALSE,,
ギギギアル,ギギギアル,Klikdiklak,Klinklang,Japanese,601,Unova,FALSE,FALSE,FALSE,FALSE,FALSE,,
キチキギス,キチキギス,Beatori,Fezandipiti,Japanese,1016,Paldea,FALSE,FALSE,FALSE,FALSE,FALSE,,
キテルグマ,キテルグマ,Kosturso,Bewear,Japanese,760,Alola,FALSE,FALSE,FALSE,FALSE,FALSE,,
キノガッサ,キノガッサ,Kapilz,Breloom,Japanese,286,Hoenn,FALSE,FALSE,FALSE,FALSE,FALSE,,
キノココ,キノココ,Knilz,Shroomish,Japanese,285,Hoenn,FALSE,FALSE,FALSE,FALSE,FALSE,,
キバゴ,キバゴ,Milza,Axew,Japanese,610,Unova,FALSE,FALSE,FALSE,FALSE,FALSE,,
キバニア,キバニア,kanivanha,Carvanha,Japanese,318,Hoenn,FALSE,FALSE,FALSE,FALSE,FALSE,,
キミワリ,キミワリ,Sonflora,Sunflora,Japanese,192,Johto,FALSE,FALSE,FALSE,FALSE,FALSE,,
ギモー,ギモー,Pelzebub,Morgrem,Japanese,860,Galar,FALSE,FALSE,FALSE,FALSE,FALSE,,
キモリ,キモリ,Geckabor,Treecko,Japanese,252,Hoenn,FALSE,FALSE,FALSE,FALSE,FALSE,,
キャタピー,キャタピー,Raupy,Caterpie,Japanese,10,Kanto,FALSE,FALSE,FALSE,FALSE,FALSE,,
キャモメ,キャモメ,Wingull,Wingull,Japanese,278,Hoenn,FALSE,FALSE,FALSE,FALSE,FALSE,,
ギャラドス,ギャラドス,Garados,Gyarados,Japanese,130,Kanto,FALSE,FALSE,FALSE,FALSE,FALSE,,
ギャロップ,ギャロップ,Gallopa,Rapidash,Japanese,78,Kanto,FALSE,FALSE,FALSE,FALSE,FALSE,,
キュウコン,キュウコン,Vulnona,Ninetales,Japanese,38,Kanto,FALSE,FALSE,FALSE,FALSE,FALSE,,
キュレム,キュレム,Kyurem,Kyurem,Japanese,646,Unova,FALSE,FALSE,FALSE,FALSE,FALSE,,
キュワワー,キュワワー,Curelei,Comfey,Japanese,764,Alola,FALSE,FALSE,FALSE,FALSE,FALSE,,
キョジオーン,キョジオーン,Saltigant,Garganacl,Japanese,934,Paldea,FALSE,FALSE,FALSE,FALSE,FALSE,,
キラーメ,キラーメ,Lumispross,Glimmet,Japanese,969,Paldea,FALSE,FALSE,FALSE,FALSE,FALSE,,
ギラティナ,ギラティナ,Giratina,Giratina,Japanese,487,Sinnoh,FALSE,FALSE,FALSE,FALSE,FALSE,,
ギラティナオリジンフォルム,ギラティナ,Giratina,Giratina,Japanese,487,Sinnoh,FALSE,TRUE,FALSE,FALSE,FALSE,,
キラフロル,キラフロル,Lumiflora,Glimmora,Japanese,970,Paldea,FALSE,FALSE,FALSE,FALSE,FALSE,,
キリンリキ,キリンリキ,Girafarig,Girafarig,Japanese,203,Johto,FALSE,FALSE,FALSE,FALSE,FALSE,,
ギルガルド,ギルガルド,Durengard,Aegislash,Japanese,681,Kalos,FALSE,FALSE,FALSE,FALSE,FALSE,,
キルキザン,キルキザン,Caesurio,Bisharp,Japanese,625,Unova,FALSE,FALSE,FALSE,FALSE,FALSE,,
キルリア,キルリア,Kirlia,Kirlia,Japanese,281,Hoenn,FALSE,FALSE,FALSE,FALSE,FALSE,,
キレイハナ,キレイハナ,Blubella,Bellossom,Japanese,182,Johto,FALSE,FALSE,FALSE,FALSE,FALSE,,
キングドラ,キングドラ,Seedraking,Kingdra,Japanese,230,Johto,FALSE,FALSE,FALSE,FALSE,FALSE,,
キングラー,キングラー,Kingler,Kingler,Japanese,99,Kanto,FALSE,FALSE,FALSE,FALSE,FALSE,,
クイタラン,クイタラン,Furnifraß,Heatmor,Japanese,631,Unova,FALSE,FALSE,FALSE,FALSE,FALSE,,
クエスパトラ,クエスパトラ,Psiopatra,Espathra,Japanese,956,Paldea,FALSE,FALSE,FALSE,FALSE,FALSE,,
クサイハナ,クサイハナ,Duflor,Gloom,Japanese,44,Kanto,FALSE,FALSE,FALSE,FALSE,FALSE,,
クスネ,クスネ,Kleptifux,Nickit,Japanese,827,Galar,FALSE,FALSE,FALSE,FALSE,FALSE,,
クズモー,クズモー,Algitt,Skrelp,Japanese,690,Kalos,FALSE,FALSE,FALSE,FALSE,FALSE,,
グソクムシャ,グソクムシャ,Tectass,Golisopod,Japanese,768,Alola,FALSE,FALSE,FALSE,FALSE,FALSE,,
クチート,クチート,Flunkifer,Mawile,Japanese,303,Hoenn,FALSE,FALSE,FALSE,FALSE,FALSE,,
クヌギダマ,クヌギダマ,Tanza,Pineco,Japanese,204,Johto,FALSE,FALSE,FALSE,FALSE,FALSE,,
クマシュン,クマシュン,Petznief,Cubchoo,Japanese,613,Unova,FALSE,FALSE,FALSE,FALSE,FALSE,,
グラードン,グラードン,Groudon,Groudon,Japanese,383,Hoenn,FALSE,FALSE,FALSE,FALSE,FALSE,,
グライオン,グライオン,Skorgro,Gliscor,Japanese,472,Sinnoh,FALSE,FALSE,FALSE,FALSE,FALSE,,
グライガー,グライガー,Skorgla,Gligar,Japanese,207,Johto,FALSE,FALSE,FALSE,FALSE,FALSE,,
グラエナ,グラエナ,Magnayen,Mightyena,Japanese,262,Hoenn,FALSE,FALSE,FALSE,FALSE,FALSE,,
クラブ,クラブ,Krabby,Krabby,Japanese,98,Kanto,FALSE,FALSE,FALSE,FALSE,FALSE,,
グランブル,グランブル,Granbull,Granbull,Japanese,210,Johto,FALSE,FALSE,FALSE,FALSE,FALSE,,
クリムガン,クリムガン,Shardrago,Druddigon,Japanese,621,Unova,FALSE,FALSE,FALSE,FALSE,FALSE,,
グルトン,グルトン,Ferkuli,Lechonk,Japanese,915,Paldea,FALSE,FALSE,FALSE,FALSE,FALSE,,
クルマユ,クルマユ,Folikon,Swadloon,Japanese,541,Unova,FALSE,FALSE,FALSE,FALSE,FALSE,,
クルミル,クルミル,Strawickl,Sewaddle,Japanese,540,Unova,FALSE,FALSE,FALSE,FALSE,FALSE,,
グレイシア,グレイシア,Glaziola,Glaceon,Japanese,471,Sinnoh,FALSE,FALSE,FALSE,FALSE,FALSE,,
クレセリア,クレセリア,Cresselia,Cresselia,Japanese,488,Sinnoh,FALSE,FALSE,FALSE,FALSE,FALSE,,
グレッグル,グレッグル,Glibunkel,Croagunk,Japanese,453,Sinnoh,FALSE,FALSE,FALSE,FALSE,FALSE,,
クレッフィ,クレッフィ,Clavion,Klefki,Japanese,707,Kalos,FALSE,FALSE,FALSE,FALSE,FALSE,,
クレベース,クレベース,Arktilas,Avalugg,Japanese,713,Kalos,FALSE,FALSE,FALSE,FALSE,FALSE,,
グレンアルマ,グレンアルマ,Crimanzo,Armarouge,Japanese,936,Paldea,FALSE,FALSE,FALSE,FALSE,FALSE,,
クロバット,クロバット,Iksbat,Crobat,Japanese,169,Johto,FALSE,FALSE,FALSE,FALSE,FALSE,,
クワガノン,クワガノン,Donarion,Vikavolt,Japanese,738,Alola,FALSE,FALSE,FALSE,FALSE,FALSE,,
クワッス,クワッス,Kwaks,Quaxly,Japanese,912,Paldea,FALSE,FALSE,FALSE,FALSE,FALSE,,
ケイコウオ,ケイコウオ,Finneon,Finneon,Japanese,456,Sinnoh,FALSE,FALSE,FALSE,FALSE,FALSE,,
ケーシィ,ケーシィ,Abra,Abra,Japanese,63,Kanto,FALSE,FALSE,FALSE,FALSE,FALSE,,
ケケンカニ,ケケンカニ,Krawell,Crabominable,Japanese,740,Alola,FALSE,FALSE,FALSE,FALSE,FALSE,,
ゲコガシラ,ゲコガシラ,Amphizel,Frogadier,Japanese,657,Kalos,FALSE,FALSE,FALSE,FALSE,FALSE,,
ケッキング,ケッキング,Letarking,Slaking,Japanese,289,Hoenn,FALSE,FALSE,FALSE,FALSE,FALSE,,
ゲッコウガ,ゲッコウガ,Quajutsu,Greninja,Japanese,658,Kalos,FALSE,FALSE,FALSE,FALSE,FALSE,,
ゲノセクト,ゲノセクト,Genesect,Genesect,Japanese,649,Unova,FALSE,FALSE,FALSE,FALSE,FALSE,,
ケムッソ,ケムッソ,Waumpel,Wurmple,Japanese,265,Hoenn,FALSE,FALSE,FALSE,FALSE,FALSE,,
ケララッパ,ケララッパ,Trompeck,Trumbeak,Japanese,732,Alola,FALSE,FALSE,FALSE,FALSE,FALSE,,
ケルヂィオ,ケルヂィオ,Keldeo,Keldeo,Japanese,647,Unova,FALSE,FALSE,FALSE,FALSE,FALSE,,
ケロマツ,ケロマツ,Froxy,Froakie,Japanese,656,Kalos,FALSE,FALSE,FALSE,FALSE,FALSE,,
ゲンガー,ゲンガー,Gengar,Gengar,Japanese,94,Kanto,FALSE,FALSE,FALSE,FALSE,FALSE,,
ゲンシカイオーガ,カイオーガ,Kyogre,Kyogre,Japanese,382,Hoenn,FALSE,FALSE,TRUE,FALSE,FALSE,,
ゲンシグラードン,グラードン,Groudon,Groudon,Japanese,383,Hoenn,FALSE,FALSE,TRUE,FALSE,FALSE,,
ケンタロス,ケンタロス,Tauros,Tauros,Japanese,128,Kanto,FALSE,FALSE,FALSE,FALSE,FALSE,,
ケンホロウ,ケンホロウ,Fasasnob,Unfezant,Japanese,521,Unova,FALSE,FALSE,FALSE,FALSE,FALSE,,
コアルヒー,コアルヒー,Piccolente,Ducklett,Japanese,580,Unova,FALSE,FALSE,FALSE,FALSE,FALSE,,
コイキング,コイキング,Magikarp,Magikarp,Japanese,129,Kanto,FALSE,FALSE,FALSE,FALSE,FALSE,,
コイル,コイル,Magnetilo,Magnemite,Japanese,81,Kanto,FALSE,FALSE,FALSE,FALSE,FALSE,,
ゴウカザル,ゴウカザル,Panferno,Infernape,Japanese,392,Sinnoh,FALSE,FALSE,FALSE,FALSE,FALSE,,
ゴーゴート,ゴーゴート,Chevrumm,Gogoat,Japanese,673,Kalos,FALSE,FALSE,FALSE,FALSE,FALSE,,
ゴース,ゴース,Nebulak,Gastly,Japanese,92,Kanto,FALSE,FALSE,FALSE,FALSE,FALSE,,
ゴースト,ゴースト,Apollo,Haunter,Japanese,93,Kanto,FALSE,FALSE,FALSE,FALSE,FALSE,,
コータス,コータス,Qurtel,Torkoal,Japanese,324,Hoenn,FALSE,FALSE,FALSE,FALSE,FALSE,,
ゴーリキー,ゴーリキー,Maschock,Machoke,Japanese,67,Kanto,FALSE,FALSE,FALSE,FALSE,FALSE,,
コオリッポ,コオリッポ,Kubuin,Eiscue,Japanese,875,Galar,FALSE,FALSE,FALSE,FALSE,FALSE,,
コクーン,コクーン,Kokuna,Kakuna,Japanese,14,Kanto,FALSE,FALSE,FALSE,FALSE,FALSE,,
ゴクリン,ゴクリン,Schluppuck,Gulpin,Japanese,316,Hoenn,FALSE,FALSE,FALSE,FALSE,FALSE,,
ココガラ,ココガラ,Meikro,Rookidee,Japanese,821,Galar,FALSE,FALSE,FALSE,FALSE,FALSE,,
ココドラ,ココドラ,Stollunior,Aron,Japanese,304,Hoenn,FALSE,FALSE,FALSE,FALSE,FALSE,,
ココロモリ,ココロモリ,Fletiano,Swoobat,Japanese,528,Unova,FALSE,FALSE,FALSE,FALSE,FALSE,,
コジオ,コジオ,Geosali,Nacli,Japanese,932,Paldea,FALSE,FALSE,FALSE,FALSE,FALSE,,
コジョフー,コジョフー,Lin-Fu,Mienfoo,Japanese,619,Unova,FALSE,FALSE,FALSE,FALSE,FALSE,,
コジョンド,コジョンド,Wie-Shu,Mienshao,Japanese,620,Unova,FALSE,FALSE,FALSE,FALSE,FALSE,,
コスモウム,コスモウム,Cosmovum,Cosmoem,Japanese,790,Alola,FALSE,FALSE,FALSE,FALSE,FALSE,,
コスモッグ,コスモッグ,Cosmog,Cosmog,Japanese,789,Alola,FALSE,FALSE,FALSE,FALSE,FALSE,,
コソクムシ,コソクムシ,Reißlaus,Wimpod,Japanese,767,Alola,FALSE,FALSE,FALSE,FALSE,FALSE,,
コダック,コダック,Enton,Psyduck,Japanese,54,Kanto,FALSE,FALSE,FALSE,FALSE,FALSE,,
ゴチミル,ゴチミル,Hypnomorba,Gothorita,Japanese,575,Unova,FALSE,FALSE,FALSE,FALSE,FALSE,,
ゴチム,ゴチム,Mollimorba,Gothita,Japanese,574,Unova,FALSE,FALSE,FALSE,FALSE,FALSE,,
ゴチルゼル,ゴチルゼル,Morbitesse,Gothitelle,Japanese,576,Unova,FALSE,FALSE,FALSE,FALSE,FALSE,,
コドラ,コドラ,Stollrak,Lairon,Japanese,305,Hoenn,FALSE,FALSE,FALSE,FALSE,FALSE,,
ゴニョニョ,ゴニョニョ,Flurmel,Whismur,Japanese,293,Hoenn,FALSE,FALSE,FALSE,FALSE,FALSE,,
コノハナ,コノハナ,Blanas,Nuzleaf,Japanese,274,Hoenn,FALSE,FALSE,FALSE,FALSE,FALSE,,
コノヨザル,コノヨザル,Epitaff,Annihilape,Japanese,979,Paldea,FALSE,FALSE,FALSE,FALSE,FALSE,,
コバルオン,コバルオン,Kobalium,Cobalion,Japanese,638,Unova,FALSE,FALSE,FALSE,FALSE,FALSE,,
ゴビット,ゴビット,Golbit,Golett,Japanese,622,Unova,FALSE,FALSE,FALSE,FALSE,FALSE,,
コフーライ,コフーライ,Puponcho,Spewpa,Japanese,665,Kalos,FALSE,FALSE,FALSE,FALSE,FALSE,,
コフキムシ,コフキムシ,Purmel,Scatterbug,Japanese,664,Kalos,FALSE,FALSE,FALSE,FALSE,FALSE,,
ゴマゾウ,ゴマゾウ,Phanpy,Phanpy,Japanese,231,Johto,FALSE,FALSE,FALSE,FALSE,FALSE,,
コマタナ,コマタナ,Gladiantri,Pawniard,Japanese,624,Unova,FALSE,FALSE,FALSE,FALSE,FALSE,,
コモルー,コモルー,Draschel,Shelgon,Japanese,372,Hoenn,FALSE,FALSE,FALSE,FALSE,FALSE,,
コライドン,コライドン,Koraidon,Koraidon,Japanese,1007,Paldea,FALSE,FALSE,FALSE,FALSE,FALSE,,
コラッタ,コラッタ,Rattfratz,Rattata,Japanese,19,Kanto,FALSE,FALSE,FALSE,FALSE,FALSE,,
ゴリランダー,ゴリランダー,Gortrom,Rillaboom,Japanese,812,Galar,FALSE,FALSE,FALSE,FALSE,FALSE,,
コリンク,コリンク,Sheinux,Shinx,Japanese,403,Sinnoh,FALSE,FALSE,FALSE,FALSE,FALSE,,
ゴルーグ,ゴルーグ,Golgantes,Golurk,Japanese,623,Unova,FALSE,FALSE,FALSE,FALSE,FALSE,,
ゴルダック,ゴルダック,Entoron,Golduck,Japanese,55,Kanto,FALSE,FALSE,FALSE,FALSE,FALSE,,
ゴルバット,ゴルバット,Golbat,Golbat,Japanese,42,Kanto,FALSE,FALSE,FALSE,FALSE,FALSE,,
コレクレー,コレクレー,Gierspenst,Gimmighoul,Japanese,999,Paldea,FALSE,FALSE,FALSE,FALSE,FALSE,,
ゴローニャ,ゴローニャ,Geowaz,Golem,Japanese,76,Kanto,FALSE,FALSE,FALSE,FALSE,FALSE,,
ゴローン,ゴローン,Georok,Graveler,Japanese,75,Kanto,FALSE,FALSE,FALSE,FALSE,FALSE,,
コロトック,コロトック,Zirpeise,Kricketune,Japanese,402,Sinnoh,FALSE,FALSE,FALSE,FALSE,FALSE,,
コロボーシ,コロボーシ,Zirpurze,Kricketot,Japanese,401,Sinnoh,FALSE,FALSE,FALSE,FALSE,FALSE,,
コロモリ,コロモリ,Fleknoil,Woobat,Japanese,527,Unova,FALSE,FALSE,FALSE,FALSE,FALSE,,
ゴロンダ,ゴロンダ,Pandagro,Pangoro,Japanese,675,Kalos,FALSE,FALSE,FALSE,FALSE,FALSE,,
コンパン,コンパン,Bluzuk,Venonat,Japanese,48,Kanto,FALSE,FALSE,FALSE,FALSE,FALSE,,
ゴンベ,ゴンベ,Mampfaxo,Munchlax,Japanese,446,Sinnoh,FALSE,FALSE,FALSE,FALSE,FALSE,,
サーナイト,サーナイト,Guardevoir,Gardevoir,Japanese,282,Hoenn,FALSE,FALSE,FALSE,FALSE,FALSE,,
サーフゴー,サーフゴー,Monetigo,Gholdengo,Japanese,1000,Paldea,FALSE,FALSE,FALSE,FALSE,FALSE,,
サイドン,サイドン,Rizeros,Rhydon,Japanese,112,Kanto,FALSE,FALSE,FALSE,FALSE,FALSE,,
サイホーン,サイホーン,Rihorn,Rhyhorn,Japanese,111,Kanto,FALSE,FALSE,FALSE,FALSE,FALSE,,
サクラビス,サクラビス,Saganbyss,Gorebyss,Japanese,368,Hoenn,FALSE,FALSE,FALSE,FALSE,FALSE,,
サケブシッポ,サケブシッポ,Brüllschweif,Scream Tail,Japanese,985,Paldea,FALSE,FALSE,FALSE,FALSE,FALSE,,
サザンドラ,サザンドラ,Trikephalo,Hydreigon,Japanese,635,Unova,FALSE,FALSE,FALSE,FALSE,FALSE,,
ザシアン,ザシアン,Zacian,Zacian,Japanese,888,Galar,FALSE,FALSE,FALSE,FALSE,FALSE,,
サシカマス,サシカマス,Pikuda,Arrokuda,Japanese,846,Galar,FALSE,FALSE,FALSE,FALSE,FALSE,,
サダイジャ,サダイジャ,Sanaconda,Sandaconda,Japanese,844,Galar,FALSE,FALSE,FALSE,FALSE,FALSE,,
サッチミシ,サッチミシ,Sensect,Blipbug,Japanese,824,Galar,FALSE,FALSE,FALSE,FALSE,FALSE,,
サナギラス,サナギラス,Pupitar,Pupitar,Japanese,247,Johto,FALSE,FALSE,FALSE,FALSE,FALSE,,
サニーゴ,サニーゴ,Corasonn,Corsola,Japanese,222,Johto,FALSE,FALSE,FALSE,FALSE,FALSE,,
サニゴーン,サニゴーン,Gorgasonn,Cursola,Japanese,864,Galar,FALSE,FALSE,FALSE,FALSE,FALSE,,
サボネア,サボネア,Tuska,Cacnea,Japanese,331,Hoenn,FALSE,FALSE,FALSE,FALSE,FALSE,,
ザマゼンタ,ザマゼンタ,Zamazanta,Zamazanta,Japanese,889,Galar,FALSE,FALSE,FALSE,FALSE,FALSE,,
サマヨール,サマヨール,Zwirrfinst,Dusclops,Japanese,356,Hoenn,FALSE,FALSE,FALSE,FALSE,FALSE,,
サメハダー,サメハダー,Tohaido,Sharpedo,Japanese,319,Hoenn,FALSE,FALSE,FALSE,FALSE,FALSE,,
ザルード,ザルード,Zarude,Zarude,Japanese,893,Galar,FALSE,FALSE,FALSE,FALSE,FALSE,,
サルノリ,サルノリ,Chimpep,Grookey,Japanese,810,Galar,FALSE,FALSE,FALSE,FALSE,FALSE,,
サワムラー,サワムラー,Kicklee,Hitmonlee,Japanese,106,Kanto,FALSE,FALSE,FALSE,FALSE,FALSE,,
ザングース,ザングース,Sengo,Zangoose,Japanese,335,Hoenn,FALSE,FALSE,FALSE,FALSE,FALSE,,
サンダー,サンダー,Zapdos,Zapdos,Japanese,145,Kanto,FALSE,FALSE,FALSE,FALSE,FALSE,,
サンダース,サンダース,Blitza,Jolteon,Japanese,135,Kanto,FALSE,FALSE,FALSE,FALSE,FALSE,,
サンド,サンド,Sandan,Sandshrew,Japanese,27,Kanto,FALSE,FALSE,FALSE,FALSE,FALSE,,
サンドパン,サンドパン,Sandamer,Sandslash,Japanese,28,Kanto,FALSE,FALSE,FALSE,FALSE,FALSE,,
シードラ,シードラ,Seemon,Seadra,Japanese,117,Kanto,FALSE,FALSE,FALSE,FALSE,FALSE,,
ジーランス,ジーランス,Relicanth,Relicanth,Japanese,369,Hoenn,FALSE,FALSE,FALSE,FALSE,FALSE,,
シェイミスカイフォルム,シェイミ,Shaymin,Shaymin,Japanese,492,Sinnoh,FALSE,TRUE,FALSE,FALSE,FALSE,,
シェイミランドフォルム,シェイミ,Shaymin,Shaymin,Japanese,492,Sinnoh,FALSE,TRUE,FALSE,FALSE,FALSE,,
シェルダー,シェルダー,Muschas,Shellder,Japanese,90,Kanto,FALSE,FALSE,FALSE,FALSE,FALSE,,
ジオヅム,ジオヅム,Sedisal,Naclstack,Japanese,933,Paldea,FALSE,FALSE,FALSE,FALSE,FALSE,,
ジガルデ10%,ジガルデ,Zygarde,Zygarde,Japanese,718,Kalos,FALSE,FALSE,FALSE,FALSE,FALSE,,
ジガルデ50%,ジガルデ,Zygarde,Zygarde,Japanese,718,Kalos,FALSE,FALSE,FALSE,FALSE,FALSE,,
ジガルデ細胞,ジガルデ,Zygarde,Zygarde,Japanese,718,Kalos,FALSE,TRUE,FALSE,FALSE,FALSE,,
ジガルデパーフェクトフォーム,ジガルデ,Zygarde,Zygarde,Japanese,718,Kalos,FALSE,FALSE,FALSE,FALSE,FALSE,,
シガロコ,シガロコ,Relluk,Rellor,Japanese,953,Paldea,FALSE,FALSE,FALSE,FALSE,FALSE,,
シキジカ,シキジカ,Sesokitz,Deerling,Japanese,585,Unova,FALSE,FALSE,FALSE,FALSE,FALSE,,
ジグザグマ,ジグザグマ,Zigzachs,Zigzagoon,Japanese,263,Hoenn,FALSE,FALSE,FALSE,FALSE,FALSE,,
シザリガー,シザリガー,Krebutack,Crawdaunt,Japanese,342,Hoenn,FALSE,FALSE,FALSE,FALSE,FALSE,,
ジジーロン,ジジーロン,Sen-Long,Drampa,Japanese,780,Alola,FALSE,FALSE,FALSE,FALSE,FALSE,,
シシコ,シシコ,Leufeo,Litleo,Japanese,667,Kalos,FALSE,FALSE,FALSE,FALSE,FALSE,,
シズクモ,シズクモ,Araqua,Dewpider,Japanese,751,Alola,FALSE,FALSE,FALSE,FALSE,FALSE,,
ジバコイル,ジバコイル,Magnezone,Magnezone,Japanese,462,Sinnoh,FALSE,FALSE,FALSE,FALSE,FALSE,,
シビシラス,シビシラス,Zapplardin,Tynamo,Japanese,602,Unova,FALSE,FALSE,FALSE,FALSE,FALSE,,
シビビール,シビビール,Zapplalek,Eelektrik,Japanese,603,Unova,FALSE,FALSE,FALSE,FALSE,FALSE,,
シビルドン,シビルドン,Zapplarang,Eelektross,Japanese,604,Unova,FALSE,FALSE,FALSE,FALSE,FALSE,,
ジヘッド,ジヘッド,Duodino,Zweilous,Japanese,634,Unova,FALSE,FALSE,FALSE,FALSE,FALSE,,
シママ,シママ,Elezeba,Blitzle,Japanese,522,Unova,FALSE,FALSE,FALSE,FALSE,FALSE,,
ジメレオン,ジメレオン,Phlegleon,Drizzile,Japanese,817,Galar,FALSE,FALSE,FALSE,FALSE,FALSE,,
ジャノビー,ジャノビー,Efoserp,Servine,Japanese,496,Unova,FALSE,FALSE,FALSE,FALSE,FALSE,,
ジャラコ,ジャラコ,Miniras,Jangmo-o,Japanese,782,Alola,FALSE,FALSE,FALSE,FALSE,FALSE,,
ジャラランガ,ジャラランガ,Grandiras,Kommo-o,Japanese,784,Alola,FALSE,FALSE,FALSE,FALSE,FALSE,,
ジャランゴ,ジャランゴ,Mediras,Hakamo-o,Japanese,783,Alola,FALSE,FALSE,FALSE,FALSE,FALSE,,
シャリタツアタックフォルム,シャリタツ,Nigiragi,Tatsugiri,Japanese,978,Paldea,FALSE,FALSE,FALSE,FALSE,FALSE,,
シャリタツスピードフォルム,シャリタツ,Nigiragi,Tatsugiri,Japanese,978,Paldea,FALSE,FALSE,FALSE,FALSE,FALSE,,
シャリタツディフェンスフォルム,シャリタツ,Nigiragi,Tatsugiri,Japanese,978,Paldea,FALSE,FALSE,FALSE,FALSE,FALSE,,
ジャローダ,ジャローダ,Serpiroyal,Serperior,Japanese,497,Unova,FALSE,FALSE,FALSE,FALSE,FALSE,,
シャワーズ,シャワーズ,Aquana,Vaporeon,Japanese,134,Kanto,FALSE,FALSE,FALSE,FALSE,FALSE,,
シャンデラ,シャンデラ,Skelabra,Chandelure,Japanese,609,Unova,FALSE,FALSE,FALSE,FALSE,FALSE,,
ジュカイン,ジュカイン,Gewaldro,Sceptile,Japanese,254,Hoenn,FALSE,FALSE,FALSE,FALSE,FALSE,,
ジュゴン,ジュゴン,Jugong,Dewgong,Japanese,87,Kanto,FALSE,FALSE,FALSE,FALSE,FALSE,,
シュシュプ,シュシュプ,Parfi,Spritzee,Japanese,682,Kalos,FALSE,FALSE,FALSE,FALSE,FALSE,,
ジュナイパー,ジュナイパー,Silvarro,Decidueye,Japanese,724,Alola,FALSE,FALSE,FALSE,FALSE,FALSE,,
シュバルゴ,シュバルゴ,Cavalanzas,Escavalier,Japanese,589,Unova,FALSE,FALSE,FALSE,FALSE,FALSE,,
ジュプトル,ジュプトル,Reptain,Grovyle,Japanese,253,Hoenn,FALSE,FALSE,FALSE,FALSE,FALSE,,
ジュペッタ,ジュペッタ,Zwirllicht,Banette,Japanese,354,Hoenn,FALSE,FALSE,FALSE,FALSE,FALSE,,
ジュラルドン,ジュラルドン,Duraludon,Duraludon,Japanese,884,Galar,FALSE,FALSE,FALSE,FALSE,FALSE,,
ジラーチ,ジラーチ,Jirachi,Jirachi,Japanese,385,Hoenn,FALSE,FALSE,FALSE,FALSE,FALSE,,
シルヴァヂィ,シルヴァヂィ,Amigento,Silvally,Japanese,773,Alola,FALSE,FALSE,FALSE,FALSE,FALSE,,
シルシュルー,シルシュルー,Sproxi,Shroodle,Japanese,944,Paldea,FALSE,FALSE,FALSE,FALSE,FALSE,,
シロデスナ,シロデスナ,Colossand,Palosand,Japanese,770,Alola,FALSE,FALSE,FALSE,FALSE,FALSE,,
シンボラー,シンボラー,Symvolara,Sigilyph,Japanese,561,Unova,FALSE,FALSE,FALSE,FALSE,FALSE,,
スイクン,スイクン,Suicune,Suicune,Japanese,245,Johto,FALSE,FALSE,FALSE,FALSE,FALSE,,
ズガイドス,ズガイドス,Koknodon,Cranidos,Japanese,408,Sinnoh,FALSE,FALSE,FALSE,FALSE,FALSE,,
スカタンク,スカタンク,Skuntank,Skuntank,Japanese,435,Sinnoh,FALSE,FALSE,FALSE,FALSE,FALSE,,
ズガドーン,ズガドーン,Kopplosio,Blacephalon,Japanese,806,Alola,FALSE,FALSE,FALSE,FALSE,FALSE,,
スカンプー,スカンプー,Skunkapuh,Stunky,Japanese,434,Sinnoh,FALSE,FALSE,FALSE,FALSE,FALSE,,
スコヴィラン,スコヴィラン,Halupenjo,Scovillain,Japanese,952,Paldea,FALSE,FALSE,FALSE,FALSE,FALSE,,
スコルピ,スコルピ,Pionskora,Skorupi,Japanese,451,Sinnoh,FALSE,FALSE,FALSE,FALSE,FALSE,,
スターミー,スターミー,Starmie,Starmie,Japanese,121,Kanto,FALSE,FALSE,FALSE,FALSE,FALSE,,
ストライク,ストライク,Sichlor,Scyther,Japanese,123,Kanto,FALSE,FALSE,FALSE,FALSE,FALSE,,
ストリンダー,ストリンダー,Riffex,Toxtricity,Japanese,849,Galar,FALSE,FALSE,FALSE,FALSE,FALSE,,
スナノケガワ,スナノケガワ,Sandfell,Sandy Shocks,Japanese,989,Paldea,FALSE,FALSE,FALSE,FALSE,FALSE,,
スナバァ,スナバァ,Sankabuh,Sandygast,Japanese,769,Alola,FALSE,FALSE,FALSE,FALSE,FALSE,,
スナヘビ,スナヘビ,Salanga,Silicobra,Japanese,843,Galar,FALSE,FALSE,FALSE,FALSE,FALSE,,
ズバット,ズバット,Zubat,Zubat,Japanese,41,Kanto,FALSE,FALSE,FALSE,FALSE,FALSE,,
スバメ,スバメ,Schwalbini,Tailow,Japanese,276,Hoenn,FALSE,FALSE,FALSE,FALSE,FALSE,,
スピアー,スピアー,Bibor,Beedrill,Japanese,15,Kanto,FALSE,FALSE,FALSE,FALSE,FALSE,,
ズピカ,ズピカ,Blipp,Tadbulb,Japanese,938,Paldea,FALSE,FALSE,FALSE,FALSE,FALSE,,
スピンロトム,ロトム,Rotom,Rotom,Japanese,479,Sinnoh,FALSE,TRUE,FALSE,FALSE,FALSE,,
スボミー,スボミー,Knospi,Budew,Japanese,406,Sinnoh,FALSE,FALSE,FALSE,FALSE,FALSE,,
スリーパー,スリーパー,Hypno,Hypno,Japanese,97,Kanto,FALSE,FALSE,FALSE,FALSE,FALSE,,
スリープ,スリープ,Traumato,Drowzee,Japanese,96,Kanto,FALSE,FALSE,FALSE,FALSE,FALSE,,
ズルズキン,ズルズキン,Irokex,Scrafty,Japanese,560,Unova,FALSE,FALSE,FALSE,FALSE,FALSE,,
ズルッグ,ズルッグ,Zurrokex,Scraggy,Japanese,559,Unova,FALSE,FALSE,FALSE,FALSE,FALSE,,
スワンナ,スワンナ,Swaroness,Swanna,Japanese,581,Unova,FALSE,FALSE,FALSE,FALSE,FALSE,,
セキタンザン,セキタンザン,Montecarbo,Coalossal,Japanese,839,Galar,FALSE,FALSE,FALSE,FALSE,FALSE,,
セグレイブ,セグレイブ,Espinodon,Baxcalibur,Japanese,998,Paldea,FALSE,FALSE,FALSE,FALSE,FALSE,,
ゼクロム,ゼクロム,Zekrom,Zekrom,Japanese,644,Unova,FALSE,FALSE,FALSE,FALSE,FALSE,,
セゴール,セゴール,Cryospino,Arctibax,Japanese,997,Paldea,FALSE,FALSE,FALSE,FALSE,FALSE,,
ゼニガメ,ゼニガメ,Schiggy,Squirtle,Japanese,7,Kanto,FALSE,FALSE,FALSE,FALSE,FALSE,,
セビエ,セビエ,Frospino,Frigibax,Japanese,996,Paldea,FALSE,FALSE,FALSE,FALSE,FALSE,,
ゼブライカ,ゼブライカ,Zebritz,Zebstrika,Japanese,523,Unova,FALSE,FALSE,FALSE,FALSE,FALSE,,
ゼラオラ,ゼラオラ,Zeraora,Zeraora,Japanese,807,Alola,FALSE,FALSE,FALSE,FALSE,FALSE,,
セリビィ,セリビィ,Celebi,Celebi,Japanese,251,Johto,FALSE,FALSE,FALSE,FALSE,FALSE,,
ゼルネアス,ゼルネアス,Xerneas,Xerneas,Japanese,716,Kalos,FALSE,FALSE,FALSE,FALSE,FALSE,,
ゾウドウ,ゾウドウ,Kupfanti,Cufant,Japanese,878,Galar,FALSE,FALSE,FALSE,FALSE,FALSE,,
ソウブレイズ,ソウブレイズ,Azugladis,Ceruledge,Japanese,937,Paldea,FALSE,FALSE,FALSE,FALSE,FALSE,,
ソーナノ,ソーナノ,Isso,Wynaut,Japanese,360,Hoenn,FALSE,FALSE,FALSE,FALSE,FALSE,,
ソーナンス,ソーナンス,Woingenau,Wobbuffet,Japanese,202,Johto,FALSE,FALSE,FALSE,FALSE,FALSE,,
ソルガレオ,ソルガレオ,Solgaleo,Solgaleo,Japanese,791,Alola,FALSE,FALSE,FALSE,FALSE,FALSE,,
ソルロック,ソルロック,Sonnfel,Solrock,Japanese,338,Hoenn,FALSE,FALSE,FALSE,FALSE,FALSE,,
ゾロア,ゾロア,Zorua,Zorua,Japanese,570,Unova,FALSE,FALSE,FALSE,FALSE,FALSE,,
ゾロアーク,ゾロアーク,Zoroark,Zoroark,Japanese,571,Unova,FALSE,FALSE,FALSE,FALSE,FALSE,,
ダークライ,ダークライ,Darkrai,Darkrai,Japanese,491,Sinnoh,FALSE,FALSE,FALSE,FALSE,FALSE,,
ダーテング,ダーテング,Tengulist,Shiftry,Japanese,275,Hoenn,FALSE,FALSE,FALSE,FALSE,FALSE,,
ダイオウドウ,ダイオウドウ,Patinaraja,Copperajah,Japanese,879,Galar,FALSE,FALSE,FALSE,FALSE,FALSE,,
タイカイデン,タイカイデン,Voltrean,Kilowattrel,Japanese,941,Paldea,FALSE,FALSE,FALSE,FALSE,FALSE,,
ダイケンキ,ダイケンキ,Admurai,Samurott,Japanese,503,Unova,FALSE,FALSE,FALSE,FALSE,FALSE,,
ダイノーズ,ダイノーズ,Voluminas,Probopass,Japanese,476,Sinnoh,FALSE,FALSE,FALSE,FALSE,FALSE,,
タイプ：ヌル,タイプ：ヌル,Typ:Null,Type: Null,Japanese,772,Alola,FALSE,FALSE,FALSE,FALSE,FALSE,,
タイレーツ,タイレーツ,Legios,Falinks,Japanese,870,Galar,FALSE,FALSE,FALSE,FALSE,FALSE,,
タギングル,タギングル,Affiti,Grafaiai,Japanese,945,Paldea,FALSE,FALSE,FALSE,FALSE,FALSE,,
ダグトリオ,ダグトリオ,Digdri,Dugtrio,Japanese,51,Kanto,FALSE,FALSE,FALSE,FALSE,FALSE,,
ダクマ,ダクマ,Dakuma,Kubfu,Japanese,891,Galar,FALSE,FALSE,FALSE,FALSE,FALSE,,
ダゲキ,ダゲキ,Karadonis,Sawk,Japanese,539,Unova,FALSE,FALSE,FALSE,FALSE,FALSE,,
タケルライコ,タケルライコ,Furienblitz,Raging Bolt,Japanese,1021,Paldea,FALSE,FALSE,FALSE,FALSE,FALSE,,
ダストダス,ダストダス,Deponitox,Garbodor,Japanese,569,Unova,FALSE,FALSE,FALSE,FALSE,FALSE,,
タタッコ,タタッコ,Klopptopus,Clobbopus,Japanese,852,Galar,FALSE,FALSE,FALSE,FALSE,FALSE,,
ダダリン,ダダリン,Moruda,Dhelmise,Japanese,781,Alola,FALSE,FALSE,FALSE,FALSE,FALSE,,
タチフサグマ,タチフサグマ,Barrikadax,Obstagoon,Japanese,862,Galar,FALSE,FALSE,FALSE,FALSE,FALSE,,
タッツー,タッツー,Seeper,Horsea,Japanese,116,Kanto,FALSE,FALSE,FALSE,FALSE,FALSE,,
タツベイ,タツベイ,Kindwurm,Bagon,Japanese,371,Hoenn,FALSE,FALSE,FALSE,FALSE,FALSE,,
タテトプス,タテトプス,Schilterus,Shieldon,Japanese,410,Sinnoh,FALSE,FALSE,FALSE,FALSE,FALSE,,
タネボー,タネボー,Samurzel,Seedot,Japanese,273,Hoenn,FALSE,FALSE,FALSE,FALSE,FALSE,,
ダブラン,ダブラン,Mitodos,Duosion,Japanese,578,Unova,FALSE,FALSE,FALSE,FALSE,FALSE,,
タブンネ,タブンネ,Ohrdoch,Audino,Japanese,531,Unova,FALSE,FALSE,FALSE,FALSE,FALSE,,
タマゲタケ,タマゲタケ,Tarnpignon,Foongus,Japanese,590,Unova,FALSE,FALSE,FALSE,FALSE,FALSE,,
タマザラシ,タマザラシ,Seemops,Spheal,Japanese,363,Hoenn,FALSE,FALSE,FALSE,FALSE,FALSE,,
タマタマ,タマタマ,Owei,Exeggcute,Japanese,102,Kanto,FALSE,FALSE,FALSE,FALSE,FALSE,,
タマンタ,タマンタ,Mantirps,Mantyke,Japanese,458,Sinnoh,FALSE,FALSE,FALSE,FALSE,FALSE,,
タマンチュラ,タマンチュラ,Tarundel,Tarountula,Japanese,917,Paldea,FALSE,FALSE,FALSE,FALSE,FALSE,,
タルップル,タルップル,Schlapfel,Appletun,Japanese,842,Galar,FALSE,FALSE,FALSE,FALSE,FALSE,,
ダルマッカ,ダルマッカ,Flampion,Darumaka,Japanese,554,Unova,FALSE,FALSE,FALSE,FALSE,FALSE,,
ダンゴロ,ダンゴロ,Kiesling,Roggenrola,Japanese,524,Unova,FALSE,FALSE,FALSE,FALSE,FALSE,,
タンドン,タンドン,Klonkette,Rolycoly,Japanese,837,Galar,FALSE,FALSE,FALSE,FALSE,FALSE,,
ダンバル,ダンバル,Tanhel,Beldum,Japanese,374,Hoenn,FALSE,FALSE,FALSE,FALSE,FALSE,,
ヂィアルガ,ヂィアルガ,Dialga,Dialga,Japanese,483,Sinnoh,FALSE,FALSE,FALSE,FALSE,FALSE,,
ヂィアルガオリジンフォルム,ヂィアルガ,Dialga,Dialga,Japanese,483,Sinnoh,FALSE,TRUE,FALSE,FALSE,FALSE,,
ヂィアンシー,ヂィアンシー,Diancie,Diancie,Japanese,719,Kalos,FALSE,FALSE,FALSE,FALSE,FALSE,,
ヂィグダ,ヂィグダ,Digda,Diglett,Japanese,50,Kanto,FALSE,FALSE,FALSE,FALSE,FALSE,,
チェリムネガフォルム,チェリム,Kinoso,Cherrim,Japanese,421,Sinnoh,FALSE,TRUE,FALSE,FALSE,FALSE,,
チェリムポジフォルム,チェリム,Kinoso,Cherrim,Japanese,421,Sinnoh,FALSE,TRUE,FALSE,FALSE,FALSE,,
チェリンボ,チェリンボ,Kikugi,Cherubi,Japanese,420,Sinnoh,FALSE,FALSE,FALSE,FALSE,FALSE,,
チオンジェン,チオンジェン,Chongjian,Wo-Chien,Japanese,1001,Paldea,FALSE,FALSE,FALSE,FALSE,FALSE,,
チゴラス,チゴラス,Balgoras,Tyrunt,Japanese,696,Kalos,FALSE,FALSE,FALSE,FALSE,FALSE,,
チコリータ,チコリータ,Endivie,Chikorita,Japanese,152,Johto,FALSE,FALSE,FALSE,FALSE,FALSE,,
チャーレム,チャーレム,Meditalis,Medicham,Japanese,308,Hoenn,FALSE,FALSE,FALSE,FALSE,FALSE,,
チャオブー,チャオブー,Ferkokel,Pignite,Japanese,499,Unova,FALSE,FALSE,FALSE,FALSE,FALSE,,
チャデス,チャデス,Mortcha,Poltchageist,Japanese,1012,Paldea,FALSE,FALSE,FALSE,FALSE,FALSE,,
チュリネ,チュリネ,Lilminip,Petilil,Japanese,548,Unova,FALSE,FALSE,FALSE,FALSE,FALSE,,
チョボマキ,チョボマキ,Schnuthelm,Shelmet,Japanese,616,Unova,FALSE,FALSE,FALSE,FALSE,FALSE,,
チョロネコ,チョロネコ,Felilou,Purrloin,Japanese,509,Unova,FALSE,FALSE,FALSE,FALSE,FALSE,,
チョンチー,チョンチー,Lampi,Chinchou,Japanese,170,Johto,FALSE,FALSE,FALSE,FALSE,FALSE,,
チラーミィ,チラーミィ,Picochilla,Minccino,Japanese,572,Unova,FALSE,FALSE,FALSE,FALSE,FALSE,,
チラチーノ,チラチーノ,Chillabell,Cinccino,Japanese,573,Unova,FALSE,FALSE,FALSE,FALSE,FALSE,,
チリーン,チリーン,Palimpalim,Chimecho,Japanese,358,Hoenn,FALSE,FALSE,FALSE,FALSE,FALSE,,
チルタリス,チルタリス,Altaria,Altaria,Japanese,334,Hoenn,FALSE,FALSE,FALSE,FALSE,FALSE,,
チルット,チルット,Wablu,Swablu,Japanese,333,Hoenn,FALSE,FALSE,FALSE,FALSE,FALSE,,
チヲハウハネ,チヲハウハネ,Kriechflügel,Slither Wing,Japanese,988,Paldea,FALSE,FALSE,FALSE,FALSE,FALSE,,
ツタージャ,ツタージャ,Serpifeu,Snivy,Japanese,495,Unova,FALSE,FALSE,FALSE,FALSE,FALSE,,
ツチニン,ツチニン,Nincada,Nincada,Japanese,290,Hoenn,FALSE,FALSE,FALSE,FALSE,FALSE,,
ツツケラ,ツツケラ,Peppeck,Pikipek,Japanese,731,Alola,FALSE,FALSE,FALSE,FALSE,FALSE,,
ツボツボ,ツボツボ,Pottrott,Shuckle,Japanese,213,Johto,FALSE,FALSE,FALSE,FALSE,FALSE,,
ツンデツンデ,ツンデツンデ,Muramura,Stakataka,Japanese,805,Alola,FALSE,FALSE,FALSE,FALSE,FALSE,,
ツンビアー,ツンビアー,Siberio,Beartic,Japanese,614,Unova,FALSE,FALSE,FALSE,FALSE,FALSE,,
ディンルー,ディンルー,Dinglu,Ting-Lu,Japanese,1003,Paldea,FALSE,FALSE,FALSE,FALSE,FALSE,,
テールナー,テールナー,Rutena,Braixen,Japanese,654,Kalos,FALSE,FALSE,FALSE,FALSE,FALSE,,
デオキシス,デオキシス,Deoxys,Deoxys,Japanese,386,Hoenn,FALSE,FALSE,FALSE,FALSE,FALSE,,
デオキシスアタックフォルム,デオキシス,Deoxys,Deoxys,Japanese,386,Hoenn,FALSE,,FALSE,FALSE,FALSE,,
デオキシススピードフォルム,デオキシス,Deoxys,Deoxys,Japanese,386,Hoenn,FALSE,,FALSE,FALSE,FALSE,,
デオキシスディフェンスフォルム,デオキシス,Deoxys,Deoxys,Japanese,386,Hoenn,FALSE,,FALSE,FALSE,FALSE,,
デカグース,デカグース,Manguspektor,Gumchoos,Japanese,735,Alola,FALSE,FALSE,FALSE,FALSE,FALSE,,
デカヌチャン,デカヌチャン,Granforgita,Tinkaton,Japanese,959,Paldea,FALSE,FALSE,FALSE,FALSE,FALSE,,
デスカーン,デスカーン,Echnatoll,Cofagrigus,Japanese,563,Unova,FALSE,FALSE,FALSE,FALSE,FALSE,,
デスバーン,デスバーン,Oghnatoll,Runerigus,Japanese,867,Galar,FALSE,FALSE,FALSE,FALSE,FALSE,,
デスマス,デスマス,Makabaja,Yamask,Japanese,562,Unova,FALSE,FALSE,FALSE,FALSE,FALSE,,
テッカグヤ,テッカグヤ,Kaguron,Celesteela,Japanese,797,Alola,FALSE,FALSE,FALSE,FALSE,FALSE,,
テッカニン,テッカニン,Ninjask,Ninjask,Japanese,291,Hoenn,FALSE,FALSE,FALSE,FALSE,FALSE,,
テッシード,テッシード,Kastadur,Ferroseed,Japanese,597,Unova,FALSE,FALSE,FALSE,FALSE,FALSE,,
テツノイサハ,テツノイサハ,Eisenblatt,Iron Leaves,Japanese,1010,Paldea,FALSE,FALSE,FALSE,FALSE,FALSE,,
テツノイバラ,テツノイバラ,Eisendorn,Iron Thorns,Japanese,995,Paldea,FALSE,FALSE,FALSE,FALSE,FALSE,,
テツノイワオ,テツノイワオ,Eisenfels,Iron Boulder,Japanese,1022,Paldea,FALSE,FALSE,FALSE,FALSE,FALSE,,
テツノカイナ,テツノカイナ,Eisenhand,Iron Hands,Japanese,992,Paldea,FALSE,FALSE,FALSE,FALSE,FALSE,,
テツノカシラ,テツノカシラ,Eisenhaupt,Iron Crown,Japanese,1023,Paldea,FALSE,FALSE,FALSE,FALSE,FALSE,,
テツノコウベ,テツノコウベ,Eisenhals,Iron Jugulis,Japanese,993,Paldea,FALSE,FALSE,FALSE,FALSE,FALSE,,
テツノツツミ,テツノツツミ,Eisenbündel,Iron Bundle,Japanese,991,Paldea,FALSE,FALSE,FALSE,FALSE,FALSE,,
テツノドクガ,テツノドクガ,Eisenfalter,Iron Moth,Japanese,994,Paldea,FALSE,FALSE,FALSE,FALSE,FALSE,,
テツノブジン,テツノブジン,Eisenkrieger,Iron Valiant,Japanese,1006,Paldea,FALSE,FALSE,FALSE,FALSE,FALSE,,
テツノワダチ,テツノワダチ,Eisenrad,Iron Treads,Japanese,990,Paldea,FALSE,FALSE,FALSE,FALSE,FALSE,,
テッポウオ,テッポウオ,Remoraid,Remoraid,Japanese,223,Johto,FALSE,FALSE,FALSE,FALSE,FALSE,,
デデンネ,デデンネ,Dedenne,Dedenne,Japanese,702,Kalos,FALSE,FALSE,FALSE,FALSE,FALSE,,
テブリム,テブリム,Brimano,Hattrem,Japanese,857,Galar,FALSE,FALSE,FALSE,FALSE,FALSE,,
テラキオン,テラキオン,Terrakium,Terrakion,Japanese,639,Unova,FALSE,FALSE,FALSE,FALSE,FALSE,,
テラパゴス,テラパゴス,Terapagos,Terapagos,Japanese,1024,Paldea,FALSE,FALSE,FALSE,FALSE,FALSE,,
テラパゴステレスタル,テラパゴス,Terapagos,Terapagos,Japanese,1024,Paldea,FALSE,TRUE,FALSE,FALSE,FALSE,,
デリバード,デリバード,Botogel,Delibird,Japanese,225,Johto,FALSE,FALSE,FALSE,FALSE,FALSE,,
デルビル,デルビル,Hunduster,Houndoor,Japanese,228,Johto,FALSE,FALSE,FALSE,FALSE,FALSE,,
デンジムシ,デンジムシ,Akkup,Charjabug,Japanese,737,Alola,FALSE,FALSE,FALSE,FALSE,FALSE,,
デンジュモク,デンジュモク,Voltriant,Xurkitree,Japanese,796,Alola,FALSE,FALSE,FALSE,FALSE,FALSE,,
デンチュラ,デンチュラ,Voltula,Galvantula,Japanese,596,Unova,FALSE,FALSE,FALSE,FALSE,FALSE,,
デンリュウ,デンリュウ,mpharos,Ampharos,Japanese,181,Johto,FALSE,FALSE,FALSE,FALSE,FALSE,,
ドオー,ドオー,Suelord,Clodsire,Japanese,980,Paldea,FALSE,FALSE,FALSE,FALSE,FALSE,,
ドータクン,ドータクン,Bronzong,Bronzong,Japanese,437,Sinnoh,FALSE,FALSE,FALSE,FALSE,FALSE,,
ドードー,ドードー,Dodu,Doduo,Japanese,84,Kanto,FALSE,FALSE,FALSE,FALSE,FALSE,,
ドードリオ,ドードリオ,Dodri,Dodrio,Japanese,85,Kanto,FALSE,FALSE,FALSE,FALSE,FALSE,,
ドーブル,ドーブル,Farbeagle,Smeargle,Japanese,235,Johto,FALSE,FALSE,FALSE,FALSE,FALSE,,
ドーミラー,ドーミラー,Bronzel,Bronzor,Japanese,436,Sinnoh,FALSE,FALSE,FALSE,FALSE,FALSE,,
ドガース,ドガース,Smogon,Koffing,Japanese,109,Kanto,FALSE,FALSE,FALSE,FALSE,FALSE,,
ドククラゲ,ドククラゲ,Tentoxa,Tentacruel,Japanese,73,Kanto,FALSE,FALSE,FALSE,FALSE,FALSE,,
ドクケイル,ドクケイル,Pudox,Dustox,Japanese,269,Hoenn,FALSE,FALSE,FALSE,FALSE,FALSE,,
ドクロッグ,ドクロッグ,Toxiquak,Toxicroak,Japanese,454,Sinnoh,FALSE,FALSE,FALSE,FALSE,FALSE,,
トゲキッス,トゲキッス,Togekiss,Togekiss,Japanese,468,Sinnoh,FALSE,FALSE,FALSE,FALSE,FALSE,,
トゲチック,トゲチック,Togetic,Togetic,Japanese,176,Johto,FALSE,FALSE,FALSE,FALSE,FALSE,,
トゲデマル,トゲデマル,Togedemaru,Togedemaru,Japanese,777,Alola,FALSE,FALSE,FALSE,FALSE,FALSE,,
トゲピー,トゲピー,Togepi,Togepi,Japanese,175,Johto,FALSE,FALSE,FALSE,FALSE,FALSE,,
ドゴーム,ドゴーム,Krakeelo,Loudred,Japanese,294,Hoenn,FALSE,FALSE,FALSE,FALSE,FALSE,,
ドサイドン,ドサイドン,Rihornior,Rhyperior,Japanese,464,Sinnoh,FALSE,FALSE,FALSE,FALSE,FALSE,,
トサキント,トサキント,Goldini,Goldeen,Japanese,118,Kanto,FALSE,FALSE,FALSE,FALSE,FALSE,,
ドジョッチ,ドジョッチ,Schmerbe,Barboach,Japanese,339,Hoenn,FALSE,FALSE,FALSE,FALSE,FALSE,,
ドダイトス,ドダイトス,Chelterrar,Torterra,Japanese,389,Sinnoh,FALSE,FALSE,FALSE,FALSE,FALSE,,
ドッコラー,ドッコラー,Praktibalk,Timburr,Japanese,532,Unova,FALSE,FALSE,FALSE,FALSE,FALSE,,
ドデカバシ,ドデカバシ,Tukanon,Toucannon,Japanese,733,Alola,FALSE,FALSE,FALSE,FALSE,FALSE,,
ドテッコツ,ドテッコツ,Strepoli,Gurdurr,Japanese,533,Unova,FALSE,FALSE,FALSE,FALSE,FALSE,,
トドグラ,トドグラ,Seejong,Sealeo,Japanese,364,Hoenn,FALSE,FALSE,FALSE,FALSE,FALSE,,
ドドゲザン,ドドゲザン,Gladimperio,Kingambit,Japanese,983,Paldea,FALSE,FALSE,FALSE,FALSE,FALSE,,
トドゼルガ,トドゼルガ,Walraisa,Walrein,Japanese,365,Hoenn,FALSE,FALSE,FALSE,FALSE,FALSE,,
トドロクツキ,トドロクツキ,Donnersichel,Roaring Moon,Japanese,1005,Paldea,FALSE,FALSE,FALSE,FALSE,FALSE,,
ドヒドイデ,ドヒドイデ,Aggrostella,Toxapex,Japanese,748,Alola,FALSE,FALSE,FALSE,FALSE,FALSE,,
ドラパルト,ドラパルト,Katapuldra,Dragapult,Japanese,887,Galar,FALSE,FALSE,FALSE,FALSE,FALSE,,
ドラピオン,ドラピオン,Piondragi,Drapion,Japanese,452,Sinnoh,FALSE,FALSE,FALSE,FALSE,FALSE,,
ドラミドロ,ドラミドロ,Tandrak,Dragalge,Japanese,691,Kalos,FALSE,FALSE,FALSE,FALSE,FALSE,,
ドラメシヤ,ドラメシヤ,Grolldra,Dreepy,Japanese,885,Galar,FALSE,FALSE,FALSE,FALSE,FALSE,,
トランセル,トランセル,Safcon,Metapod,Japanese,11,Kanto,FALSE,FALSE,FALSE,FALSE,FALSE,,
トリデプス,トリデプス,Bollterus,Bastiodon,Japanese,411,Sinnoh,FALSE,FALSE,FALSE,FALSE,FALSE,,
トリトソンにしうみ,トリトソン,Gastrodon,Gastrodon,Japanese,423,Sinnoh,FALSE,TRUE,FALSE,FALSE,FALSE,,
トリトソンひがしうみ,トリトソン,Gastrodon,Gastrodon,Japanese,423,Sinnoh,FALSE,TRUE,FALSE,FALSE,FALSE,,
トリミアン,トリミアン,Coiffwaff,Furfrou,Japanese,676,Kalos,FALSE,FALSE,FALSE,FALSE,FALSE,,
ドリュウズ,ドリュウズ,Stalobor,Excadrill,Japanese,530,Unova,FALSE,FALSE,FALSE,FALSE,FALSE,,
トルネロス,トルネロス,Boreos,Tornadus,Japanese,641,Unova,FALSE,FALSE,FALSE,FALSE,FALSE,,
トルネロスれいじゅうフォルム,トルネロス,Boreos,Tornadus,Japanese,641,Unova,FALSE,TRUE,FALSE,FALSE,FALSE,,
ドレヂィア,ドレヂィア,Dressella,Lilligant,Japanese,549,Unova,FALSE,FALSE,FALSE,FALSE,FALSE,,
トロッゴン,トロッゴン,Wagong,Carkol,Japanese,838,Galar,FALSE,FALSE,FALSE,FALSE,FALSE,,
ドロバンコ,ドロバンコ,Pampuli,Mudbray,Japanese,749,Alola,FALSE,FALSE,FALSE,FALSE,FALSE,,
トロピウス,トロピウス,Tropius,Tropius,Japanese,357,Hoenn,FALSE,FALSE,FALSE,FALSE,FALSE,,
ドロンチ,ドロンチ,Phandra,Drakloak,Japanese,886,Galar,FALSE,FALSE,FALSE,FALSE,FALSE,,
ドンカラス,ドンカラス,Kramshef,Honchkrow,Japanese,430,Sinnoh,FALSE,FALSE,FALSE,FALSE,FALSE,,
ドンファン,ドンファン,Donphan,Donphan,Japanese,232,Johto,FALSE,FALSE,FALSE,FALSE,FALSE,,
ドンメル,ドンメル,Camaub,Numel,Japanese,322,Hoenn,FALSE,FALSE,FALSE,FALSE,FALSE,,
ナエトル,ナエトル,Chelast,Turtwig,Japanese,387,Sinnoh,FALSE,FALSE,FALSE,FALSE,FALSE,,
ナカヌチャン,ナカヌチャン,Tafforgita,Tinkatuff,Japanese,958,Paldea,FALSE,FALSE,FALSE,FALSE,FALSE,,
ナゲキ,ナゲキ,Jiutesto,Throh,Japanese,538,Unova,FALSE,FALSE,FALSE,FALSE,FALSE,,
ナゲツケサル,ナゲツケサル,Quartermak,Passimian,Japanese,766,Alola,FALSE,FALSE,FALSE,FALSE,FALSE,,
ナゾノクサ,ナゾノクサ,Myrapla,Oddish,Japanese,43,Kanto,FALSE,FALSE,FALSE,FALSE,FALSE,,
ナックラー,ナックラー,Knacklion,Trapinch,Japanese,328,Hoenn,FALSE,FALSE,FALSE,FALSE,FALSE,,
ナッシー,ナッシー,Kokowei,Exeggutor,Japanese,103,Kanto,FALSE,FALSE,FALSE,FALSE,FALSE,,
ナットレイ,ナットレイ,Tentantel,Ferrothorn,Japanese,598,Unova,FALSE,FALSE,FALSE,FALSE,FALSE,,
ナマケロ,ナマケロ,Bummelz,Slakoth,Japanese,287,Hoenn,FALSE,FALSE,FALSE,FALSE,FALSE,,
ナマコブシ,ナマコブシ,Gufa,Pyukumuku,Japanese,771,Alola,FALSE,FALSE,FALSE,FALSE,FALSE,,
ナマズン,ナマズン,Welsar,Whiscash,Japanese,340,Hoenn,FALSE,FALSE,FALSE,FALSE,FALSE,,
ナミイルカ,ナミイルカ,Normifin,Finizen,Japanese,963,Paldea,FALSE,FALSE,FALSE,FALSE,FALSE,,
ニダンギル,ニダンギル,Duokles,Doublade,Japanese,680,Kalos,FALSE,FALSE,FALSE,FALSE,FALSE,,
ニドキング,ニドキング,Nidoking,Nidoking,Japanese,34,Kanto,FALSE,FALSE,FALSE,FALSE,FALSE,,
ニドクイン,ニドクイン,Nidoqueen,Nidoqueen,Japanese,31,Kanto,FALSE,FALSE,FALSE,FALSE,FALSE,,
ニドラン♀,ニドラン♀,Nidoran♀,Nidoran♀,Japanese,29,Kanto,FALSE,FALSE,FALSE,FALSE,FALSE,,
ニドラン♂,ニドラン♂,Nidoran♂,Nidoran♂,Japanese,32,Kanto,FALSE,FALSE,FALSE,FALSE,FALSE,,
ニドリーナ,ニドリーナ,Nidorina,Nidorina,Japanese,30,Kanto,FALSE,FALSE,FALSE,FALSE,FALSE,,
ニドリーノ,ニドリーノ,Nidorino,Nidorino,Japanese,33,Kanto,FALSE,FALSE,FALSE,FALSE,FALSE,,
ニャース,ニャース,Mauzi,Meowth,Japanese,52,Kanto,FALSE,FALSE,FALSE,FALSE,FALSE,,
ニャイキング,ニャイキング,Mauzinger,Perrserker,Japanese,863,Galar,FALSE,FALSE,FALSE,FALSE,FALSE,,
ニャオニクス,ニャオニクス,Psiaugon,Meowstic,Japanese,678,Kalos,FALSE,FALSE,FALSE,FALSE,FALSE,,
ニャオハ,ニャオハ,Felori,Sprigatito,Japanese,906,Paldea,FALSE,FALSE,FALSE,FALSE,FALSE,,
ニャスパー,ニャスパー,Psiau,Espurr,Japanese,677,Kalos,FALSE,FALSE,FALSE,FALSE,FALSE,,
ニャビー,ニャビー,Flamiau,Litten,Japanese,725,Alola,FALSE,FALSE,FALSE,FALSE,FALSE,,
ニャヒート,ニャヒート,Miezunder,Torracat,Japanese,726,Alola,FALSE,FALSE,FALSE,FALSE,FALSE,,
ニャローテ,ニャローテ,Feliospa,Floragato,Japanese,907,Paldea,FALSE,FALSE,FALSE,FALSE,FALSE,,
ニューラ,ニューラ,Sniebel,Sneasel,Japanese,215,Johto,FALSE,FALSE,FALSE,FALSE,FALSE,,
ニョロゾ,ニョロゾ,Quaputzi,Poliwhirl,Japanese,61,Kanto,FALSE,FALSE,FALSE,FALSE,FALSE,,
ニョロトノ,ニョロトノ,Quaxo,Politoed,Japanese,186,Johto,FALSE,FALSE,FALSE,FALSE,FALSE,,
ニョロボン,ニョロボン,Quappo,Poliwrath,Japanese,62,Kanto,FALSE,FALSE,FALSE,FALSE,FALSE,,
ニョロモ,ニョロモ,Quapsel,Poliwag,Japanese,60,Kanto,FALSE,FALSE,FALSE,FALSE,FALSE,,
ニンフィア,ニンフィア,Feelinara,Sylveon,Japanese,700,Kalos,FALSE,FALSE,FALSE,FALSE,FALSE,,
ヌイコグマ,ヌイコグマ,Velirsi,Stufful,Japanese,759,Alola,FALSE,FALSE,FALSE,FALSE,FALSE,,
ヌオー,ヌオー,Morlord,Quagsire,Japanese,195,Johto,FALSE,FALSE,FALSE,FALSE,FALSE,,
ヌケニン,ヌケニン,Ninjatom,Shedinja,Japanese,292,Hoenn,FALSE,FALSE,FALSE,FALSE,FALSE,,
ヌマクロー,ヌマクロー,Moorabble,Marshtomp,Japanese,259,Hoenn,FALSE,FALSE,FALSE,FALSE,FALSE,,
ヌメイル,ヌメイル,Viscargot,Sliggoo,Japanese,705,Kalos,FALSE,FALSE,FALSE,FALSE,FALSE,,
ヌメラ,ヌメラ,Viscora,Goomy,Japanese,704,Kalos,FALSE,FALSE,FALSE,FALSE,FALSE,,
ヌメルゴン,ヌメルゴン,Viscogon,Goodra,Japanese,706,Kalos,FALSE,FALSE,FALSE,FALSE,FALSE,,
ネイチィ,ネイチィ,Natu,Natu,Japanese,177,Johto,FALSE,FALSE,FALSE,FALSE,FALSE,,
ネイチィオ,ネイチィオ,Xatu,Xatu,Japanese,178,Johto,FALSE,FALSE,FALSE,FALSE,FALSE,,
ネオラント,ネオラント,Lumineon,Lumineon,Japanese,457,Sinnoh,FALSE,FALSE,FALSE,FALSE,FALSE,,
ネギガナイト,ネギガナイト,Lauchzelot,Sirfetch'd,Japanese,865,Galar,FALSE,FALSE,FALSE,FALSE,FALSE,,
ネクロズマ,ネクロスマ,Necrozma,Necrozma,Japanese,800,Alola,FALSE,FALSE,FALSE,FALSE,FALSE,,
ネクロズマあかつきのつばさ,ネクロスマ,Necrozma,Necrozma,Japanese,800,Alola,FALSE,TRUE,FALSE,FALSE,FALSE,,
ネクロズマウルトラネクロズマ,ネクロスマ,Necrozma,Necrozma,Japanese,800,Alola,FALSE,TRUE,FALSE,FALSE,FALSE,,
ネクロズマたそがれのたてがみ,ネクロスマ,Necrozma,Necrozma,Japanese,800,Alola,FALSE,TRUE,FALSE,FALSE,FALSE,,
ネッコアラ,ネッコアラ,Koaleul,Komala,Japanese,775,Alola,FALSE,FALSE,FALSE,FALSE,FALSE,,
ネマシュ,ネマシュ,Bubungus,Morelull,Japanese,755,Alola,FALSE,FALSE,FALSE,FALSE,FALSE,,
ネンドール,ネンドール,Lepumentas,Claydol,Japanese,344,Hoenn,FALSE,FALSE,FALSE,FALSE,FALSE,,
ノクタス,ノクタス,Noktuska,Cacturne,Japanese,332,Hoenn,FALSE,FALSE,FALSE,FALSE,FALSE,,
ノココッチ,ノココッチ,Dummimisel,Dudunsparce,Japanese,982,Paldea,FALSE,FALSE,FALSE,FALSE,FALSE,,
ノコッチ,ノコッチ,Dummisel,Dunsparce,Japanese,206,Johto,FALSE,FALSE,FALSE,FALSE,FALSE,,
ノズパス,ノズパス,Nasgnet,Nosepass,Japanese,299,Hoenn,FALSE,FALSE,FALSE,FALSE,FALSE,,
ノノクラゲ,ノノクラゲ,Tentagra,Toedscool,Japanese,948,Paldea,FALSE,FALSE,FALSE,FALSE,FALSE,,
ハーヂリア,ハーヂリア,Terribark,Herdier,Japanese,507,Unova,FALSE,FALSE,FALSE,FALSE,FALSE,,
パーモット,パーモット,Pamomamo,Pawmot,Japanese,923,Paldea,FALSE,FALSE,FALSE,FALSE,FALSE,,
パールル,パールル,Perlu,Clamperl,Japanese,366,Hoenn,FALSE,FALSE,FALSE,FALSE,FALSE,,
バイウールー,バイウールー,Zwollock,Dubwool,Japanese,832,Galar,FALSE,FALSE,FALSE,FALSE,FALSE,,
バイバニラ,バイバニラ,Gelatwino,Vanilluxe,Japanese,584,Unova,FALSE,FALSE,FALSE,FALSE,FALSE,,
バウッツエル,バウッツエル,Backel,Dachsbun,Japanese,927,Paldea,FALSE,FALSE,FALSE,FALSE,FALSE,,
パウワウ,パウワウ,Jurob,Seel,Japanese,86,Kanto,FALSE,FALSE,FALSE,FALSE,FALSE,,
パオジアン,パオジアン,Baojian,Chien-Pao,Japanese,1002,Paldea,FALSE,FALSE,FALSE,FALSE,FALSE,,
バオッキー,バオッキー,Grillchita,Simisear,Japanese,514,Unova,FALSE,FALSE,FALSE,FALSE,FALSE,,
バオップ,バオップ,Grillmak,Pansear,Japanese,513,Unova,FALSE,FALSE,FALSE,FALSE,FALSE,,
ハカドッグ,ハカドッグ,Friedwuff,Houndstone,Japanese,972,Paldea,FALSE,FALSE,FALSE,FALSE,FALSE,,
ハガネール,ハガネール,Stahlos,Steelix,Japanese,208,Johto,FALSE,FALSE,FALSE,FALSE,FALSE,,
ハギギシリ,ハギギシリ,Knirfish,Bruxish,Japanese,779,Alola,FALSE,FALSE,FALSE,FALSE,FALSE,,
バクーダ,バクーダ,Camerupt,Camerupt,Japanese,323,Hoenn,FALSE,FALSE,FALSE,FALSE,FALSE,,
バクオング,バクオング,Krawumms,Exploud,Japanese,295,Hoenn,FALSE,FALSE,FALSE,FALSE,FALSE,,
バクガメス,バクガメス,Turtonator,Turtonator,Japanese,776,Alola,FALSE,FALSE,FALSE,FALSE,FALSE,,
バクフーン,バクフーン,Tornupto,Typhlosion,Japanese,157,Johto,FALSE,FALSE,FALSE,FALSE,FALSE,,
ハクリュウ,ハクリュウ,Dragonir,Dragonair,Japanese,148,Kanto,FALSE,FALSE,FALSE,FALSE,FALSE,,
バケッチャ,バケッチャ,Irrbis,Pumpkaboo,Japanese,710,Kalos,FALSE,FALSE,FALSE,FALSE,FALSE,,
バサギリ,バサギリ,Axantor,Kleavor,Japanese,900,Galar,FALSE,FALSE,FALSE,FALSE,FALSE,,
バシャーモ,バシャーモ,Lohgock,Blaziken,Japanese,257,Hoenn,FALSE,FALSE,FALSE,FALSE,FALSE,,
バスゴドラ,バスゴドラ,Stolloss,Aggron,Japanese,306,Hoenn,FALSE,FALSE,FALSE,FALSE,FALSE,,
ハスブレロ,ハスブレロ,Lombrero,Lombre,Japanese,271,Hoenn,FALSE,FALSE,FALSE,FALSE,FALSE,,
ハスボー,ハスボー,Loturzel,Lotad,Japanese,270,Hoenn,FALSE,FALSE,FALSE,FALSE,FALSE,,
バスラオ,バスラオ,Barschuft,Basculin,Japanese,550,Unova,FALSE,FALSE,FALSE,FALSE,FALSE,,
バタフリー,バタフリー,Smettbo,Butterfree,Japanese,12,Kanto,FALSE,FALSE,FALSE,FALSE,FALSE,,
バチュル,バチュル,Wattzapf,Joltik,Japanese,595,Unova,FALSE,FALSE,FALSE,FALSE,FALSE,,
パチリス,パチリス,Pachirisu,Pachirisu,Japanese,417,Sinnoh,FALSE,FALSE,FALSE,FALSE,FALSE,,
バチンウニ,バチンウニ,Britzigel,Pincurchin,Japanese,871,Galar,FALSE,FALSE,FALSE,FALSE,FALSE,,
バチンキー,バチンキー,Chimstix,Thwakey,Japanese,811,Galar,FALSE,FALSE,FALSE,FALSE,FALSE,,
ハッサム,ハッサム,Scherox,Scizor,Japanese,212,Johto,FALSE,FALSE,FALSE,FALSE,FALSE,,
パッチール,パッチール,Pandir,Spinda,Japanese,327,Hoenn,FALSE,FALSE,FALSE,FALSE,FALSE,,
パッチラゴン,パッチラゴン,Lectragon,Dracozolt,Japanese,880,Galar,FALSE,FALSE,FALSE,FALSE,FALSE,,
パッチルドン,パッチルドン,Lecryodon,Arctozolt,Japanese,881,Galar,FALSE,FALSE,FALSE,FALSE,FALSE,,
バッフロン,バッフロン,Bisofank,Bouffalant,Japanese,626,Unova,FALSE,FALSE,FALSE,FALSE,FALSE,,
ハトーポー,ハトーポー,Navitaub,Tranquill,Japanese,520,Unova,FALSE,FALSE,FALSE,FALSE,FALSE,,
バドレックス,バドレックス,Coronospa,Calyrex,Japanese,898,Galar,FALSE,FALSE,FALSE,FALSE,FALSE,,
バニプッチ,バニプッチ,Gelatini,Vanillite,Japanese,582,Unova,FALSE,FALSE,FALSE,FALSE,FALSE,,
バニリッチ,バニリッチ,Gelatroppo,Vanillish,Japanese,583,Unova,FALSE,FALSE,FALSE,FALSE,FALSE,,
ハネッコ,ハネッコ,Hoppspross,Hoppip,Japanese,187,Johto,FALSE,FALSE,FALSE,FALSE,FALSE,,
バネブー,バネブー,Spoink,Spoink,Japanese,325,Hoenn,FALSE,FALSE,FALSE,FALSE,FALSE,,
ハハコモリ,ハハコモリ,Matrifol,Leavanny,Japanese,542,Unova,FALSE,FALSE,FALSE,FALSE,FALSE,,
ハバタクカミ,ハバタクカミ,Flatterhaar,Flutter Mane,Japanese,987,Paldea,FALSE,FALSE,FALSE,FALSE,FALSE,,
ハピナス,ハピナス,Heiteira,Blissey,Japanese,242,Johto,FALSE,FALSE,FALSE,FALSE,FALSE,,
パピモッチ,パピモッチ,Hefel,Fidough,Japanese,926,Paldea,FALSE,FALSE,FALSE,FALSE,FALSE,,
ハブネーク,ハブネーク,Vipitis,Seviper,Japanese,336,Hoenn,FALSE,FALSE,FALSE,FALSE,FALSE,,
パフュートン,パフュートン,Fragrunz,Oinkologne,Japanese,916,Paldea,FALSE,FALSE,FALSE,FALSE,FALSE,,
パモ,パモ,Pamo,Pawmi,Japanese,921,Paldea,FALSE,FALSE,FALSE,FALSE,FALSE,,
パモット,パモット,Pamamo,Pawmo,Japanese,922,Paldea,FALSE,FALSE,FALSE,FALSE,FALSE,,
ハヤシガメ,ハヤシガメ,Chelcarain,Grotle,Japanese,388,Sinnoh,FALSE,FALSE,FALSE,FALSE,FALSE,,
パラス,パラス,Paras,Paras,Japanese,46,Kanto,FALSE,FALSE,FALSE,FALSE,FALSE,,
パラセクト,パラセクト,Parasek,Parasect,Japanese,47,Kanto,FALSE,FALSE,FALSE,FALSE,FALSE,,
ハラバリー,ハラバリー,Wampitz,Bellibolt,Japanese,939,Paldea,FALSE,FALSE,FALSE,FALSE,FALSE,,
ハリーセン,ハリーセン,Baldorfish,Qwilfish,Japanese,211,Johto,FALSE,FALSE,FALSE,FALSE,FALSE,,
ハリーマン,ハリーマン,Myriador,Overqwil,Japanese,904,Galar,FALSE,FALSE,FALSE,FALSE,FALSE,,
バリコオル,バリコオル,Pantifrost,Mr. Rime,Japanese,866,Galar,FALSE,FALSE,FALSE,FALSE,FALSE,,
ハリテヤマ,ハリテヤマ,Hariyama,Hariyama,Japanese,297,Hoenn,FALSE,FALSE,FALSE,FALSE,FALSE,,
ハリボーグ,ハリボーグ,Igastarnish,Quilladin,Japanese,651,Kalos,FALSE,FALSE,FALSE,FALSE,FALSE,,
ハリマロン,ハリマロン,Igamaro,Chespin,Japanese,650,Kalos,FALSE,FALSE,FALSE,FALSE,FALSE,,
バリヤード,バリヤード,Pantimos,Mr. Mime,Japanese,122,Kanto,FALSE,FALSE,FALSE,FALSE,FALSE,,
パルキア,パルキア,Palkia,Palkia,Japanese,484,Sinnoh,FALSE,FALSE,FALSE,FALSE,FALSE,,
パルキアオリジンフォルム,パルキア,Palkia,Palkia,Japanese,484,Sinnoh,FALSE,TRUE,FALSE,FALSE,FALSE,,
バルキー,バルキー,Rabauz,Tyrogue,Japanese,236,Johto,FALSE,FALSE,FALSE,FALSE,FALSE,,
ハルクジラ,ハルクジラ,Kolowal,Cetitan,Japanese,975,Paldea,FALSE,FALSE,FALSE,FALSE,FALSE,,
バルジーナ,バルジーナ,Grypheldis,Mandibuzz,Japanese,630,Unova,FALSE,FALSE,FALSE,FALSE,FALSE,,
パルシェン,パルシェン,Austos,Cloyster,Japanese,91,Kanto,FALSE,FALSE,FALSE,FALSE,FALSE,,
パルスワン,パルスワン,Bellektro,Boltund,Japanese,836,Galar,FALSE,FALSE,FALSE,FALSE,FALSE,,
バルチャイ,バルチャイ,Skallyk,Vullaby,Japanese,629,Unova,FALSE,FALSE,FALSE,FALSE,FALSE,,
パルデアのウパー,ウパー,Felino,Wooper,Japanese,194,Paldea,FALSE,FALSE,FALSE,FALSE,FALSE,,
パルデアのケンタロス,ケンタロス,Tauros,Tauros,Japanese,128,Paldea,TRUE,FALSE,FALSE,FALSE,FALSE,,
パルデアのケンタロス　炎,ケンタロス,Tauros,Tauros,Japanese,128,Paldea,TRUE,FALSE,FALSE,FALSE,FALSE,,
パルデアのケンタロス　水,ケンタロス,Tauros,Tauros,Japanese,128,Paldea,TRUE,FALSE,FALSE,FALSE,FALSE,,
バルビート,バルビート,Volbeat,Volbeat,Japanese,313,Hoenn,FALSE,FALSE,FALSE,FALSE,FALSE,,
ハンテール,ハンテール,Aalabyss,Huntail,Japanese,367,Hoenn,FALSE,FALSE,FALSE,FALSE,FALSE,,
バンバドロ,バンバドロ,Pampross,Mudsdale,Japanese,750,Alola,FALSE,FALSE,FALSE,FALSE,FALSE,,
パンプジン,パンプジン,Pumpdjinn,Gourgeist,Japanese,711,Kalos,FALSE,FALSE,FALSE,FALSE,FALSE,,
ピィ,ピィ,Pii,Cleffa,Japanese,173,Johto,FALSE,FALSE,FALSE,FALSE,FALSE,,
ビークイン,ビークイン,Honweisel,Vespiquen,Japanese,416,Sinnoh,FALSE,FALSE,FALSE,FALSE,FALSE,,
ビーダル,ビーダル,Bidifas,Bibarel,Japanese,400,Sinnoh,FALSE,FALSE,FALSE,FALSE,FALSE,,
ヒードラン,ヒードラン,Heatran,Heatran,Japanese,485,Sinnoh,FALSE,FALSE,FALSE,FALSE,FALSE,,
ビードル,ビードル,Hornliu,Weedle,Japanese,13,Kanto,FALSE,FALSE,FALSE,FALSE,FALSE,,
ヒートロトム,ロトム,Rotom,Rotom,Japanese,479,Sinnoh,FALSE,TRUE,FALSE,FALSE,FALSE,,
ピカチュウ,ピカチュウ,Pikachu,Pikachu,Japanese,25,Kanto,FALSE,FALSE,FALSE,FALSE,FALSE,,
ピクシー,ピクシー,Pixi,Clefable,Japanese,36,Kanto,FALSE,FALSE,FALSE,FALSE,FALSE,,
ビクチイニ,ビクチイニ,Victini,Victini,Japanese,494,Unova,FALSE,FALSE,FALSE,FALSE,FALSE,,
ヒコザル,ヒコザル,Panflam,Chimchar,Japanese,390,Sinnoh,FALSE,FALSE,FALSE,FALSE,FALSE,,
ピジョット,ピジョット,Tauboss,Pidgeot,Japanese,18,Kanto,FALSE,FALSE,FALSE,FALSE,FALSE,,
ピジョン,ピジョン,Tauboga,Pidgeotto,Japanese,17,Kanto,FALSE,FALSE,FALSE,FALSE,FALSE,,
ヒスイのウインヂィ,ウインヂィ,Arkani,Arcanine,Japanese,59,Hisui,TRUE,FALSE,FALSE,FALSE,FALSE,,
ヒスイのウォーグル,ウォーグル,Washakwil,Braviary,Japanese,628,Hisui,TRUE,FALSE,FALSE,FALSE,FALSE,,
ヒスイのガーヂィ,ガーヂィ,Fukano,Growlithe,Japanese,58,Hisui,TRUE,FALSE,FALSE,FALSE,FALSE,,
ヒスイのクレベース,クレベース,Arktilas,Avalugg,Japanese,713,Hisui,TRUE,FALSE,FALSE,FALSE,FALSE,,
ヒスイのジュナイパー,ジュナイパー,Silvarro,Decidueye,Japanese,724,Hisui,TRUE,FALSE,FALSE,FALSE,FALSE,,
ヒスイのゾロア,ゾロア,Zorua,Zorua,Japanese,570,Hisui,TRUE,FALSE,FALSE,FALSE,FALSE,,
ヒスイのゾロアーク,ゾロアーク,Zoroark,Zoroark,Japanese,571,Hisui,TRUE,FALSE,FALSE,FALSE,FALSE,,
ヒスイのダイケンキ,ダイケンキ,Admurai,Samurott,Japanese,503,Hisui,TRUE,FALSE,FALSE,FALSE,FALSE,,
ヒスイのドレヂィア,ドレヂィア,Dressella,Lilligant,Japanese,549,Hisui,TRUE,FALSE,FALSE,FALSE,FALSE,,
ヒスイのニューラ,ニューラ,Sniebel,Sneasel,Japanese,215,Hisui,TRUE,FALSE,FALSE,FALSE,FALSE,,
ヒスイのヌメイル,ヌメイル,Viscargot,Sliggoo,Japanese,705,Hisui,TRUE,FALSE,FALSE,FALSE,FALSE,,
ヒスイのヌメルゴン,ヌメルゴン,Viscogon,Goodra,Japanese,706,Hisui,TRUE,FALSE,FALSE,FALSE,FALSE,,
ヒスイのバクフーン,バクフーン,Tornupto,Typhlosion,Japanese,157,Hisui,TRUE,FALSE,FALSE,FALSE,FALSE,,
ヒスイのハリーセン,ハリーセン,Baldorfish,Qwilfish,Japanese,211,Hisui,TRUE,FALSE,FALSE,FALSE,FALSE,,
ヒスイのビリリダマ,ビリリダマ,Voltobal,Voltorb,Japanese,100,Hisui,TRUE,FALSE,FALSE,FALSE,FALSE,,
ヒスイのマルマリン,マルマリン,Lektrobal,Electrode,Japanese,101,Hisui,TRUE,FALSE,FALSE,FALSE,FALSE,,
ピチュウ,ピチュウ,Pichu,Pichu,Japanese,172,Johto,FALSE,FALSE,FALSE,FALSE,FALSE,,
ビッパ,ビッパ,Bidiza,Bidoof,Japanese,399,Sinnoh,FALSE,FALSE,FALSE,FALSE,FALSE,,
ピッピ,ピッピ,Piepi,Clefairy,Japanese,35,Kanto,FALSE,FALSE,FALSE,FALSE,FALSE,,
ヒドイデ,ヒドイデ,Garstella,Mareanie,Japanese,747,Alola,FALSE,FALSE,FALSE,FALSE,FALSE,,
ヒトカゲ,ヒトカゲ,Glumanda,Charmander,Japanese,4,Kanto,FALSE,FALSE,FALSE,FALSE,FALSE,,
ヒトツキ,ヒトツキ,Gramokles,Honedge,Japanese,679,Kalos,FALSE,FALSE,FALSE,FALSE,FALSE,,
ヒトデマン,ヒトデマン,Sterndu,Staryu,Japanese,120,Kanto,FALSE,FALSE,FALSE,FALSE,FALSE,,
ヒトモシ,ヒトモシ,Lichtel,Litwick,Japanese,607,Unova,FALSE,FALSE,FALSE,FALSE,FALSE,,
ヒノアラシ,ヒノアラシ,Feuriegel,Cyndaquil,Japanese,155,Johto,FALSE,FALSE,FALSE,FALSE,FALSE,,
ヒノヤコマ,ヒノヤコマ,Dartignis,Fletchinder,Japanese,662,Kalos,FALSE,FALSE,FALSE,FALSE,FALSE,,
ヒバニー,ヒバニー,Hopplo,Scorbunny,Japanese,813,Galar,FALSE,FALSE,FALSE,FALSE,FALSE,,
ヒヒダルマ,ヒヒダルマ,Flampivian,Darmanitan,Japanese,555,Unova,FALSE,FALSE,FALSE,FALSE,FALSE,,
ヒヒダルマゼンモード,ヒヒダルマ,Flampivian,Darmanitan,Japanese,555,Unova,FALSE,TRUE,FALSE,FALSE,FALSE,,
ビビヨン,ビビヨン,Vivillon,Vivillon,Japanese,666,Kalos,FALSE,FALSE,FALSE,FALSE,FALSE,,
ビブラーバ,ビブラーバ,Vibrara,Vibrava,Japanese,329,Hoenn,FALSE,FALSE,FALSE,FALSE,FALSE,,
ヒポポタス,ヒポポタス,Hippopotas,Hippopotas,Japanese,449,Sinnoh,FALSE,FALSE,FALSE,FALSE,FALSE,,
ヒマナッツ,ヒマナッツ,Sonnkern,Sunkern,Japanese,191,Johto,FALSE,FALSE,FALSE,FALSE,FALSE,,
ヒメグマ,ヒメグマ,Teddiursa,Teddiursa,Japanese,216,Johto,FALSE,FALSE,FALSE,FALSE,FALSE,,
ヒメンカ,ヒメンカ,Cottini,Gossifleur,Japanese,829,Galar,FALSE,FALSE,FALSE,FALSE,FALSE,,
ヒヤッキー,ヒヤッキー,Sodachita,Simipour,Japanese,516,Unova,FALSE,FALSE,FALSE,FALSE,FALSE,,
ヒヤップ,ヒヤップ,Sodamak,Panpour,Japanese,515,Unova,FALSE,FALSE,FALSE,FALSE,FALSE,,
ヒラヒナ,ヒラヒナ,Flattutu,Flittle,Japanese,955,Paldea,FALSE,FALSE,FALSE,FALSE,FALSE,,
ビリジオン,ビリジオン,Viridium,Virizion,Japanese,640,Unova,FALSE,FALSE,FALSE,FALSE,FALSE,,
ビリリダマ,ビリリダマ,Voltobal,Voltorb,Japanese,100,Kanto,FALSE,FALSE,FALSE,FALSE,FALSE,,
ヒンバス,ヒンバス,Barschwa,Feebas,Japanese,349,Hoenn,FALSE,FALSE,FALSE,FALSE,FALSE,,
ピンプク,ピンプク,Wonneira,Happiny,Japanese,440,Sinnoh,FALSE,FALSE,FALSE,FALSE,FALSE,,
ファイアロー,ファイアロー,Fiaro,Talonflame,Japanese,663,Kalos,FALSE,FALSE,FALSE,FALSE,FALSE,,
ファイヤー,ファイヤー,Lavados,Moltres,Japanese,146,Kanto,FALSE,FALSE,FALSE,FALSE,FALSE,,
フィオネ,フィオネ,Phione,Phione,Japanese,489,Sinnoh,FALSE,FALSE,FALSE,FALSE,FALSE,,
ブイゼル,ブイゼル,Bamelin,Buizel,Japanese,418,Sinnoh,FALSE,FALSE,FALSE,FALSE,FALSE,,
ブースター,ブースター,Flamara,Flareon,Japanese,136,Kanto,FALSE,FALSE,FALSE,FALSE,FALSE,,
フーヂィン,フーヂィン,Simsala,Alakazam,Japanese,65,Kanto,FALSE,FALSE,FALSE,FALSE,FALSE,,
フーパ,フーパ,Hoopa,Hoopa,Japanese,720,Kalos,FALSE,FALSE,FALSE,FALSE,FALSE,,
フーパ Unbound,フーパ,Hoopa,Hoopa,Japanese,720,Kalos,FALSE,TRUE,FALSE,FALSE,FALSE,,
ブーバー,ブーバー,Magmar,Magmar,Japanese,126,Kanto,FALSE,FALSE,FALSE,FALSE,FALSE,,
ブーバーン,ブーバーン,Magbrant,Magmortar,Japanese,467,Sinnoh,FALSE,FALSE,FALSE,FALSE,FALSE,,
ブーピッグ,ブーピッグ,Groink,Grumpig,Japanese,326,Hoenn,FALSE,FALSE,FALSE,FALSE,FALSE,,
フェローチェ,フェローチェ,Schabelle,Pheromosa,Japanese,795,Alola,FALSE,FALSE,FALSE,FALSE,FALSE,,
フォクスライ,フォクスライ,Gaunux,Thievul,Japanese,828,Galar,FALSE,FALSE,FALSE,FALSE,FALSE,,
フォッコ,フォッコ,Fynx,Fennekin,Japanese,653,Kalos,FALSE,FALSE,FALSE,FALSE,FALSE,,
フォレトス,フォレトス,Forstellka,Forretress,Japanese,205,Johto,FALSE,FALSE,FALSE,FALSE,FALSE,,
フカマル,フカマル,Kaumalat,Gible,Japanese,443,Sinnoh,FALSE,FALSE,FALSE,FALSE,FALSE,,
フクスロー,フクスロー,Arboretoss,Dartrix,Japanese,723,Alola,FALSE,FALSE,FALSE,FALSE,FALSE,,
プクリン,プクリン,Knuddeluff,Wigglytuff,Japanese,40,Kanto,FALSE,FALSE,FALSE,FALSE,FALSE,,
フシギソウ,フシギソウ,Bisaknosp,Ivysaur,Japanese,2,Kanto,FALSE,FALSE,FALSE,FALSE,FALSE,,
フシギダネ,フシギダネ,Bisasam,Bulbasaur,Japanese,1,Kanto,FALSE,FALSE,FALSE,FALSE,FALSE,,
フシギバナ,フシギバナ,Bisaflor,Venusaur,Japanese,3,Kanto,FALSE,FALSE,FALSE,FALSE,FALSE,,
フシデ,フシデ,Toxiped,Venipede,Japanese,543,Unova,FALSE,FALSE,FALSE,FALSE,FALSE,,
フタチマル,フタチマル,Zwottronin,Dewott,Japanese,502,Unova,FALSE,FALSE,FALSE,FALSE,FALSE,,
プテラ,プテラ,Aerodactyl,Aerodactyl,Japanese,142,Kanto,FALSE,FALSE,FALSE,FALSE,FALSE,,
ブニャット,ブニャット,Shnurgarst,Purugly,Japanese,432,Sinnoh,FALSE,FALSE,FALSE,FALSE,FALSE,,
ブビィ,ブビィ,Magby,Magby,Japanese,240,Johto,FALSE,FALSE,FALSE,FALSE,FALSE,,
ププリン,ププリン,Fluffefeluff,Igglybuff,Japanese,174,Johto,FALSE,FALSE,FALSE,FALSE,FALSE,,
フラージェス,フラージェス,Florges,Florges,Japanese,671,Kalos,FALSE,FALSE,FALSE,FALSE,FALSE,,
フライゴン,フライゴン,Libelldra,Flygon,Japanese,330,Hoenn,FALSE,FALSE,FALSE,FALSE,FALSE,,
フラエッテ,フラエッテ,Floette,Floette,Japanese,670,Kalos,FALSE,FALSE,FALSE,FALSE,FALSE,,
ブラザポス,ブラザポス,Polaross,Glastrier,Japanese,896,Galar,FALSE,FALSE,FALSE,FALSE,FALSE,,
プラスル,プラスル,Plusle,Plusle,Japanese,311,Hoenn,FALSE,FALSE,FALSE,FALSE,FALSE,,
ブラッキー,ブラッキー,Nachtara,Umbreon,Japanese,197,Johto,FALSE,FALSE,FALSE,FALSE,FALSE,,
フラベベ,フラベベ,Flabébé,Flabébé,Japanese,669,Kalos,FALSE,FALSE,FALSE,FALSE,FALSE,,
フリーザー,フリーザー,Arktos,Articuno,Japanese,144,Kanto,FALSE,FALSE,FALSE,FALSE,FALSE,,
フリージオ,フリージオ,Frigometri,Cryogonal,Japanese,615,Unova,FALSE,FALSE,FALSE,FALSE,FALSE,,
ブリガロン,ブリガロン,Brigaron,Chesnaught,Japanese,652,Kalos,FALSE,FALSE,FALSE,FALSE,FALSE,,
ブリジュラス,ブリジュラス,Briduradon,Archaludon,Japanese,1018,Paldea,FALSE,FALSE,FALSE,FALSE,FALSE,,
ブリムオン,ブリムオン,Silembrim,Hatterene,Japanese,858,Galar,FALSE,FALSE,FALSE,FALSE,FALSE,,
プリン,プリン,Pummeluff,Jigglypuff,Japanese,39,Kanto,FALSE,FALSE,FALSE,FALSE,FALSE,,
ブルー,ブルー,Snubbull,Snubbull,Japanese,209,Johto,FALSE,FALSE,FALSE,FALSE,FALSE,,
プルリル,プルリル,Quabbel,Frillish,Japanese,592,Unova,FALSE,FALSE,FALSE,FALSE,FALSE,,
ブルンゲル,ブルンゲル,Apoquallyp,Jellicent,Japanese,593,Unova,FALSE,FALSE,FALSE,FALSE,FALSE,,
フレフワン,フレフワン,Parfinesse,Aromatisse,Japanese,683,Kalos,FALSE,FALSE,FALSE,FALSE,FALSE,,
フローゼル,フローゼル,Bojelin,Floatzel,Japanese,419,Sinnoh,FALSE,FALSE,FALSE,FALSE,FALSE,,
ブロスター,ブロスター,Wummer,Clawitzer,Japanese,693,Kalos,FALSE,FALSE,FALSE,FALSE,FALSE,,
フロストロトム,ロトム,Rotom,Rotom,Japanese,479,Sinnoh,FALSE,TRUE,FALSE,FALSE,FALSE,,
プロトーガ,プロトーガ,Galapaflos,Tirtouga,Japanese,564,Unova,FALSE,FALSE,FALSE,FALSE,FALSE,,
ブロロローム,ブロロローム,Knattatox,Revavroom,Japanese,966,Paldea,FALSE,FALSE,FALSE,FALSE,FALSE,,
ブロロン,ブロロン,Knattox,Varoom,Japanese,965,Paldea,FALSE,FALSE,FALSE,FALSE,FALSE,,
フワライド,フワライド,Drifzepeli,Drifblim,Japanese,426,Sinnoh,FALSE,FALSE,FALSE,FALSE,FALSE,,
フワンテ,フワンテ,Driftlon,Drifloon,Japanese,425,Sinnoh,FALSE,FALSE,FALSE,FALSE,FALSE,,
ヘイガニ,ヘイガニ,Krebscorps,Corphish,Japanese,341,Hoenn,FALSE,FALSE,FALSE,FALSE,FALSE,,
ヘイラッシャ,ヘイラッシャ,Heerashai,Dondozo,Japanese,977,Paldea,FALSE,FALSE,FALSE,FALSE,FALSE,,
ベイリーフ,ベイリーフ,Lorblatt,Bayleef,Japanese,153,Johto,FALSE,FALSE,FALSE,FALSE,FALSE,,
ベトベター,ベトベター,Sleima,Grimer,Japanese,88,Kanto,FALSE,FALSE,FALSE,FALSE,FALSE,,
ベトベトン,ベトベトン,Sleimok,Muk,Japanese,89,Kanto,FALSE,FALSE,FALSE,FALSE,FALSE,,
ベベノム,ベベノム,Venicro,Poipole,Japanese,803,Alola,FALSE,FALSE,FALSE,FALSE,FALSE,,
ベラカス,ベラカス,Skarabaks,Rabsca,Japanese,954,Paldea,FALSE,FALSE,FALSE,FALSE,FALSE,,
ヘラクロス,ヘラクロス,Skarabon,Heracross,Japanese,214,Johto,FALSE,FALSE,FALSE,FALSE,FALSE,,
ペラップ,ペラップ,Plaudagei,Chatot,Japanese,441,Sinnoh,FALSE,FALSE,FALSE,FALSE,FALSE,,
ペリッパー,ペリッパー,Pelipper,Pelipper,Japanese,279,Hoenn,FALSE,FALSE,FALSE,FALSE,FALSE,,
ヘルガー,ヘルガー,Hundemon,Houndoom,Japanese,229,Johto,FALSE,FALSE,FALSE,FALSE,FALSE,,
バンギラス,ヘルガー,Tyranitar,Tyranitar,Japanese,248,Johto,FALSE,FALSE,FALSE,FALSE,FALSE,,
メガバンギラス,ヘルガー,Tyranitar,Tyranitar,Japanese,248,Johto,FALSE,FALSE,TRUE,FALSE,FALSE,,
ペルシアン,ペルシアン,Snobilikat,Persian,Japanese,53,Kanto,FALSE,FALSE,FALSE,FALSE,FALSE,,
ペロッパフ,ペロッパフ,Flauschling,Swirlix,Japanese,684,Kalos,FALSE,FALSE,FALSE,FALSE,FALSE,,
ベロバー,ベロバー,Bähmon,Impidimp,Japanese,859,Galar,FALSE,FALSE,FALSE,FALSE,FALSE,,
ベロベルト,ベロベルト,Schlurplek,Lickilicky,Japanese,463,Sinnoh,FALSE,FALSE,FALSE,FALSE,FALSE,,
ペロリーム,ペロリーム,Sabbaione,Slurpuff,Japanese,685,Kalos,FALSE,FALSE,FALSE,FALSE,FALSE,,
ベロリンガ,ベロリンガ,Schlurp,Lickitung,Japanese,108,Kanto,FALSE,FALSE,FALSE,FALSE,FALSE,,
ペンドラー,ペンドラー,Cerapendra,Scoliopede,Japanese,545,Unova,FALSE,FALSE,FALSE,FALSE,FALSE,,
ホイーガ,ホイーガ,Rollum,Whirlipede,Japanese,544,Unova,FALSE,FALSE,FALSE,FALSE,FALSE,,
ホウオウ,ホウオウ,Ho-Oh,Ho-Oh,Japanese,250,Johto,FALSE,FALSE,FALSE,FALSE,FALSE,,
ホエルオー,ホエルオー,Wailord,Wailord,Japanese,321,Hoenn,FALSE,FALSE,FALSE,FALSE,FALSE,,
ホエルコ,ホエルコ,Wailmer,Wailmer,Japanese,320,Hoenn,FALSE,FALSE,FALSE,FALSE,FALSE,,
ボーマンダ,ボーマンダ,Brutalanda,Salamence,Japanese,373,Hoenn,FALSE,FALSE,FALSE,FALSE,FALSE,,
メガボーマンダ,ボーマンダ,Brutalanda,Salamence,Japanese,373,Hoenn,FALSE,FALSE,TRUE,FALSE,FALSE,,
ポカブ,ポカブ,Floink,Tepig,Japanese,498,Unova,FALSE,FALSE,FALSE,FALSE,FALSE,,
ボクレー,ボクレー,Paragoni,Phantump,Japanese,708,Kalos,FALSE,FALSE,FALSE,FALSE,FALSE,,
ホゲータ,ホゲータ,Krokel,Fuecoco,Japanese,909,Paldea,FALSE,FALSE,FALSE,FALSE,FALSE,,
ホシガリス,ホシガリス,Raffel,Skowvet,Japanese,819,Galar,FALSE,FALSE,FALSE,FALSE,FALSE,,
ボチ,ボチ,Gruff,Greavard,Japanese,971,Paldea,FALSE,FALSE,FALSE,FALSE,FALSE,,
ポチエナ,ポチエナ,Fiffyen,Poochyena,Japanese,261,Hoenn,FALSE,FALSE,FALSE,FALSE,FALSE,,
ポッタイシ,ポッタイシ,Pliprin,Prinplup,Japanese,394,Sinnoh,FALSE,FALSE,FALSE,FALSE,FALSE,,
ポッチャマ,ポッチャマ,Plinfa,Piplup,Japanese,393,Sinnoh,FALSE,FALSE,FALSE,FALSE,FALSE,,
ポットデス,ポットデス,Mortipot,Polteageist,Japanese,855,Galar,FALSE,FALSE,FALSE,FALSE,FALSE,,
ポッポ,ポッポ,Taubsi,Pidgey,Japanese,16,Kanto,FALSE,FALSE,FALSE,FALSE,FALSE,,
ポニータ,ポニータ,Ponyta,Ponyta,Japanese,77,Kanto,FALSE,FALSE,FALSE,FALSE,FALSE,,
ホホーホー,ホホーホー,Hoothoot,Hoothoot,Japanese,163,Johto,FALSE,FALSE,FALSE,FALSE,FALSE,,
ポポッコ,ポポッコ,Hubelupf,Skiploom,Japanese,188,Johto,FALSE,FALSE,FALSE,FALSE,FALSE,,
ポリゴン,ポリゴン,Porygon,Porygon,Japanese,137,Kanto,FALSE,FALSE,FALSE,FALSE,FALSE,,
ポリゴン２,ポリゴン２,Porygon2,Porygon2,Japanese,233,Johto,FALSE,FALSE,FALSE,FALSE,FALSE,,
ポリゴンＺ,ポリゴンＺ,Porygon-Z,Porygon-Z,Japanese,474,Sinnoh,FALSE,FALSE,FALSE,FALSE,FALSE,,
ホルード,ホルード,Grebbit,Diggersby,Japanese,660,Kalos,FALSE,FALSE,FALSE,FALSE,FALSE,,
ボルケニオン,ボルケニオン,Volcanion,Volcanion,Japanese,721,Kalos,FALSE,FALSE,FALSE,FALSE,FALSE,,
ボルトロス,ボルトロス,Voltolos,Thundurus,Japanese,642,Unova,FALSE,FALSE,FALSE,FALSE,FALSE,,
ボルトロスれいじゅうフォルム,ボルトロス,Voltolos,Thundurus,Japanese,642,Unova,FALSE,TRUE,FALSE,FALSE,FALSE,,
ホルビー,ホルビー,Scoppel,Bunnelby,Japanese,659,Kalos,FALSE,FALSE,FALSE,FALSE,FALSE,,
ポワルン,ポワルン,Formeo,Castform,Japanese,351,Hoenn,FALSE,FALSE,FALSE,FALSE,FALSE,,
ポワルン雨水の姿,ポワルン,Formeo,Castform,Japanese,351,Hoenn,FALSE,TRUE,FALSE,FALSE,FALSE,,
ポワルン太陽の姿,ポワルン,Formeo,Castform,Japanese,351,Hoenn,FALSE,TRUE,FALSE,FALSE,FALSE,,
ポワルン雪雲の姿,ポワルン,Formeo,Castform,Japanese,351,Hoenn,FALSE,TRUE,FALSE,FALSE,FALSE,,
マーイーカ,マーイーカ,Iscalar,Inkay,Japanese,686,Kalos,FALSE,FALSE,FALSE,FALSE,FALSE,,
マーシャドー,マーシャドー,Marshadow,Marshadow,Japanese,802,Alola,FALSE,FALSE,FALSE,FALSE,FALSE,,
マイナン,マイナン,Minun,Minum,Japanese,312,Hoenn,FALSE,FALSE,FALSE,FALSE,FALSE,,
マギアナ,マギアナ,Magearna,Magearna,Japanese,801,Alola,FALSE,FALSE,FALSE,FALSE,FALSE,,
マグカルゴ,マグカルゴ,Magcargo,Magcargo,Japanese,219,Johto,FALSE,FALSE,FALSE,FALSE,FALSE,,
マクノシタ,マクノシタ,Makuhita,Makuhita,Japanese,296,Hoenn,FALSE,FALSE,FALSE,FALSE,FALSE,,
マグマッグ,マグマッグ,Schneckmag,Slugma,Japanese,218,Johto,FALSE,FALSE,FALSE,FALSE,FALSE,,
マグマラシ,マグマラシ,Igelavar,Quilava,Japanese,156,Johto,FALSE,FALSE,FALSE,FALSE,FALSE,,
マケンカニ,マケンカニ,Krabbox,Crabrawler,Japanese,739,Alola,FALSE,FALSE,FALSE,FALSE,FALSE,,
マシェード,マシェード,Lamellux,Shiinotic,Japanese,756,Alola,FALSE,FALSE,FALSE,FALSE,FALSE,,
マシマシラ,マシマシラ,Benesaru,Munkidori,Japanese,1015,Paldea,FALSE,FALSE,FALSE,FALSE,FALSE,,
マスカーニャ,マスカーニャ,Maskagato,Meowscarda,Japanese,908,Paldea,FALSE,FALSE,FALSE,FALSE,FALSE,,
マスキッパ,マスキッパ,Venuflibis,Carnivine,Japanese,455,Sinnoh,FALSE,FALSE,FALSE,FALSE,FALSE,,
マダツボミ,マダツボミ,Knofensa,Bellsprout,Japanese,69,Kanto,FALSE,FALSE,FALSE,FALSE,FALSE,,
マタドカース,マタドカース,Smogmog,Weezing,Japanese,110,Kanto,FALSE,FALSE,FALSE,FALSE,FALSE,,
マッギョ,マッギョ,Flunschlik,Stunfisk,Japanese,618,Unova,FALSE,FALSE,FALSE,FALSE,FALSE,,
マッシブーン,マッシブーン,Masskito,Buzzwole,Japanese,794,Alola,FALSE,FALSE,FALSE,FALSE,FALSE,,
マッスグマ,マッスグマ,Geradaks,Linoone,Japanese,264,Hoenn,FALSE,FALSE,FALSE,FALSE,FALSE,,
マナフィ,マナフィ,Manaphy,Manaphy,Japanese,490,Sinnoh,FALSE,FALSE,FALSE,FALSE,FALSE,,
マニューラ,マニューラ,Snibunna,Weavile,Japanese,461,Sinnoh,FALSE,FALSE,FALSE,FALSE,FALSE,,
マネネ,マネネ,Pantimimi,Mime Jr.,Japanese,439,Sinnoh,FALSE,FALSE,FALSE,FALSE,FALSE,,
マフィティフ,マフィティフ,Mastifioso,Mabosstiff,Japanese,943,Paldea,FALSE,FALSE,FALSE,FALSE,FALSE,,
マフォクシー,マフォクシー,Fennexis,Delphox,Japanese,655,Kalos,FALSE,FALSE,FALSE,FALSE,FALSE,,
マホイップ,マホイップ,Pokusan,Alcremie,Japanese,869,Galar,FALSE,FALSE,FALSE,FALSE,FALSE,,
マホミル,マホミル,Hokumil,Milcery,Japanese,868,Galar,FALSE,FALSE,FALSE,FALSE,FALSE,,
ママンボウ,ママンボウ,Mamolida,Alomomola,Japanese,594,Unova,FALSE,FALSE,FALSE,FALSE,FALSE,,
マメバッタ,マメバッタ,Micrick,Nymble,Japanese,919,Paldea,FALSE,FALSE,FALSE,FALSE,FALSE,,
マメパト,マメパト,Dusselgurr,Pidove,Japanese,519,Unova,FALSE,FALSE,FALSE,FALSE,FALSE,,
マユルド,マユルド,Panekon,Cascoon,Japanese,268,Hoenn,FALSE,FALSE,FALSE,FALSE,FALSE,,
マラカッチ,マラカッチ,Maracamba,Maractus,Japanese,556,Unova,FALSE,FALSE,FALSE,FALSE,FALSE,,
マリル,マリル,Marill,Marill,Japanese,183,Johto,FALSE,FALSE,FALSE,FALSE,FALSE,,
マリルリ,マリルリ,Azumarill,Azumarill,Japanese,184,Johto,FALSE,FALSE,FALSE,FALSE,FALSE,,
マルノーム,マルノーム,Schluckwech,Swalot,Japanese,317,Hoenn,FALSE,FALSE,FALSE,FALSE,FALSE,,
マルマリン,マルマリン,Lektrobal,Electrode,Japanese,101,Kanto,FALSE,FALSE,FALSE,FALSE,FALSE,,
マルヤクデ,マルヤクデ,Infernopod,Centiskorch,Japanese,851,Galar,FALSE,FALSE,FALSE,FALSE,FALSE,,
マンキー,マンキー,Mankey,Mankey,Japanese,56,Kanto,FALSE,FALSE,FALSE,FALSE,FALSE,,
マンタイン,マンタイン,mantax,Mantine,Japanese,226,Johto,FALSE,FALSE,FALSE,FALSE,FALSE,,
マンムー,マンムー,Mamutel,Mamoswine,Japanese,473,Sinnoh,FALSE,FALSE,FALSE,FALSE,FALSE,,
ミカルゲ,ミカルゲ,Kryppuk,Spiritomb,Japanese,442,Sinnoh,FALSE,FALSE,FALSE,FALSE,FALSE,,
ミジュマル,ミジュマル,Ottaro,Oshawott,Japanese,501,Unova,FALSE,FALSE,FALSE,FALSE,FALSE,,
ミズゴロウ,ミズゴロウ,Hydropi,Mudkip,Japanese,258,Hoenn,FALSE,FALSE,FALSE,FALSE,FALSE,,
ミツハニー,ミツハニー,Wadribie,Combee,Japanese,415,Sinnoh,FALSE,FALSE,FALSE,FALSE,FALSE,,
ミニーブ,ミニーブ,Olini,Smoliv,Japanese,928,Paldea,FALSE,FALSE,FALSE,FALSE,FALSE,,
ミニリュウ,ミニリュウ,Dratini,Dratini,Japanese,147,Kanto,FALSE,FALSE,FALSE,FALSE,FALSE,,
ミネズミ,ミネズミ,Nagelotz,Patrat,Japanese,504,Unova,FALSE,FALSE,FALSE,FALSE,FALSE,,
ミノマダムくさきのミノ,ミノマダム,Burmadame,Wormadam,Japanese,413,Sinnoh,FALSE,TRUE,FALSE,FALSE,FALSE,,
ミノマダムゴミのミノ,ミノマダム,Burmadame,Wormadam,Japanese,413,Sinnoh,FALSE,TRUE,FALSE,FALSE,FALSE,,
ミノマダムすなちのミノ,ミノマダム,Burmadame,Wormadam,Japanese,413,Sinnoh,FALSE,TRUE,FALSE,FALSE,FALSE,,
ミノムッチくさきのミノ,ミノムッチ,Burmy,Burmy,Japanese,412,Sinnoh,FALSE,TRUE,FALSE,FALSE,FALSE,,
ミノムッチゴミのミノ,ミノムッチ,Burmy,Burmy,Japanese,412,Sinnoh,FALSE,TRUE,FALSE,FALSE,FALSE,,
ミノムッチすなちのミノ,ミノムッチ,Burmy,Burmy,Japanese,412,Sinnoh,FALSE,TRUE,FALSE,FALSE,FALSE,,
ミブリム,ミブリム,Brimova,Hatenna,Japanese,856,Galar,FALSE,FALSE,FALSE,FALSE,FALSE,,
ミミガルーサ,ミミガルーサ,Agiluza,Veluza,Japanese,976,Paldea,FALSE,FALSE,FALSE,FALSE,FALSE,,
ミミズズ,ミミズズ,Schlurm,Orthworm,Japanese,968,Paldea,FALSE,FALSE,FALSE,FALSE,FALSE,,
ミミッキュ,ミミッキュ,Mimigma,Mimikyu,Japanese,778,Alola,FALSE,FALSE,FALSE,FALSE,FALSE,,
ミミロップ,ミミロップ,Schlapor,Lopunny,Japanese,428,Sinnoh,FALSE,FALSE,FALSE,FALSE,FALSE,,
ミミロル,ミミロル,Haspiror,Buneary,Japanese,427,Sinnoh,FALSE,FALSE,FALSE,FALSE,FALSE,,
ミャルマー,ミャルマー,Charmian,Glameow,Japanese,431,Sinnoh,FALSE,FALSE,FALSE,FALSE,FALSE,,
ミュウ,ミュウ,Mew,Mew,Japanese,151,Kanto,FALSE,FALSE,FALSE,FALSE,FALSE,,
ミュウツー,ミュウツー,Mewtu,Mewtwo,Japanese,150,Kanto,FALSE,FALSE,FALSE,FALSE,FALSE,,
ミライドン,ミライドン,Miraidon,Miraidon,Japanese,1008,Paldea,FALSE,FALSE,FALSE,FALSE,FALSE,,
ミルタンク,ミルタンク,Miltank,Miltank,Japanese,241,Johto,FALSE,FALSE,FALSE,FALSE,FALSE,,
ミルホッグ,ミルホッグ,Kukmarda,Watchog,Japanese,505,Unova,FALSE,FALSE,FALSE,FALSE,FALSE,,
ミロカロス,ミロカロス,Milotic,Milotic,Japanese,350,Hoenn,FALSE,FALSE,FALSE,FALSE,FALSE,,
ムウマ,ムウマ,Traunmagil,Misdreavus,Japanese,200,Johto,FALSE,FALSE,FALSE,FALSE,FALSE,,
ムウマージ,ムウマージ,Traunmagil,Mismagius,Japanese,429,Sinnoh,FALSE,FALSE,FALSE,FALSE,FALSE,,
ムーランド,ムーランド,Bissbark,Stoutland,Japanese,508,Unova,FALSE,FALSE,FALSE,FALSE,FALSE,,
ムクバード,ムクバード,Staravia,Staravia,Japanese,397,Sinnoh,FALSE,FALSE,FALSE,FALSE,FALSE,,
ムクホーク,ムクホーク,Staraptor,Staraptor,Japanese,398,Sinnoh,FALSE,FALSE,FALSE,FALSE,FALSE,,
ムゲンダイナ,ムゲンダイナ,Endynalos,Eternatus,Japanese,890,Galar,FALSE,FALSE,FALSE,FALSE,FALSE,,
ムゲンダイマックス,ムゲンダイナ,Endynalos,Eternatus,Japanese,890,Galar,FALSE,FALSE,FALSE,FALSE,FALSE,,
ムシャーナ,ムシャーナ,Somnivora,Musharna,Japanese,518,Unova,FALSE,FALSE,FALSE,FALSE,FALSE,,
ムチュール,ムチュール,Kussilla,Smoochum,Japanese,238,Johto,FALSE,FALSE,FALSE,FALSE,FALSE,,
ムックル,ムックル,Staralili,Starly,Japanese,396,Sinnoh,FALSE,FALSE,FALSE,FALSE,FALSE,,
ムンナ,ムンナ,Somniam,Munna,Japanese,517,Unova,FALSE,FALSE,FALSE,FALSE,FALSE,,
メェークル,メェークル,Mähikel,Skiddo,Japanese,672,Kalos,FALSE,FALSE,FALSE,FALSE,FALSE,,
メガアブソル,アブソル,Absol,Absol,Japanese,359,Hoenn,FALSE,FALSE,TRUE,FALSE,FALSE,,
メガウツボット,ウツボット,Sarzenia,Victreebel,Japanese,71,Kanto,FALSE,FALSE,TRUE,FALSE,FALSE,,
メガエルレイド,エルレイド,Galagladi,Gallade,Japanese,475,Sinnoh,FALSE,FALSE,TRUE,FALSE,FALSE,,
メガオニゴーリ,オニゴーリ,Fimontor,Glalie,Japanese,362,Hoenn,FALSE,FALSE,TRUE,FALSE,FALSE,,
メガカイリュウ,カイリュウ,Dragoran,Dragonite,Japanese,149,Kanto,FALSE,FALSE,TRUE,FALSE,FALSE,,
メガカイロス,カイロス,Pinsir,Pinsir,Japanese,127,Kanto,FALSE,FALSE,TRUE,FALSE,FALSE,,
メガガブリアス,ガブリアス,Knakrack,Garchomp,Japanese,445,Sinnoh,FALSE,FALSE,TRUE,FALSE,FALSE,,
メガカメックス,カメックス,Turtok,Blastoise,Japanese,9,Kanto,FALSE,FALSE,TRUE,FALSE,FALSE,,
メガガラルのヤドラン,ヤドラン,Lahmus,Slowbro,Japanese,80,Kanto,FALSE,FALSE,TRUE,FALSE,FALSE,,
メガガルーラ,ガルーラ,Kangama,Kangaskhan,Japanese,115,Kanto,FALSE,FALSE,TRUE,FALSE,FALSE,,
メガギャラドス,ギャラドス,Garados,Gyarados,Japanese,130,Kanto,FALSE,FALSE,TRUE,FALSE,FALSE,,
メガクチート,クチート,Flunkifer,Mawile,Japanese,303,Hoenn,FALSE,FALSE,TRUE,FALSE,FALSE,,
メガゲンガー,ゲンガー,Gengar,Gengar,Japanese,94,Kanto,FALSE,FALSE,TRUE,FALSE,FALSE,,
メガサーナイト,サーナイト,Guardevoir,Gardevoir,Japanese,282,Hoenn,FALSE,FALSE,TRUE,FALSE,FALSE,,
メガサメハダー,サメハダー,Tohaido,Sharpedo,Japanese,319,Hoenn,FALSE,FALSE,TRUE,FALSE,FALSE,,
メガジュカイン,ジュカイン,Gewaldro,Sceptile,Japanese,254,Hoenn,FALSE,FALSE,TRUE,FALSE,FALSE,,
メガジュペッタ,ジュペッタ,Zwirllicht,Banette,Japanese,354,Hoenn,FALSE,FALSE,TRUE,FALSE,FALSE,,
メガスピアー,スピアー,Bibor,Beedrill,Japanese,15,Kanto,FALSE,FALSE,TRUE,FALSE,FALSE,,
メガタブンネ,タブンネ,Ohrdoch,Audino,Japanese,531,Unova,FALSE,FALSE,TRUE,FALSE,FALSE,,
メガヂィアンシー,ヂィアンシー,Diancie,Diancie,Japanese,719,Kalos,FALSE,FALSE,TRUE,FALSE,FALSE,,
メガチャーレム,チャーレム,Meditalis,Medicham,Japanese,308,Hoenn,FALSE,FALSE,TRUE,FALSE,FALSE,,
メガチルタリス,チルタリス,Altaria,Altaria,Japanese,334,Hoenn,FALSE,FALSE,TRUE,FALSE,FALSE,,
メガデンリュウ,デンリュウ,mpharos,Ampharos,Japanese,181,Johto,FALSE,FALSE,TRUE,FALSE,FALSE,,
メガニウム,メガニウム,Meganie,Meganium,Japanese,154,Johto,FALSE,FALSE,FALSE,FALSE,FALSE,,
メガハガネール,ハガネール,Stahlos,Steelix,Japanese,208,Johto,FALSE,FALSE,TRUE,FALSE,FALSE,,
メガバクーダ,バクーダ,Camerupt,Camerupt,Japanese,323,Hoenn,FALSE,FALSE,TRUE,FALSE,FALSE,,
メガバシャーモ,バシャーモ,Lohgock,Blaziken,Japanese,257,Hoenn,FALSE,FALSE,TRUE,FALSE,FALSE,,
メガバスゴドラ,バスゴドラ,Stolloss,Aggron,Japanese,306,Hoenn,FALSE,FALSE,TRUE,FALSE,FALSE,,
メガハッサム,ハッサム,Scherox,Scizor,Japanese,212,Johto,FALSE,FALSE,TRUE,FALSE,FALSE,,
メガピジョット,ピジョット,Tauboss,Pidgeot,Japanese,18,Kanto,FALSE,FALSE,TRUE,FALSE,FALSE,,
メガフーヂィン,フーヂィン,Simsala,Alakazam,Japanese,65,Kanto,FALSE,FALSE,TRUE,FALSE,FALSE,,
メガフシギバナ,フシギバナ,Bisaflor,Venusaur,Japanese,3,Kanto,FALSE,FALSE,TRUE,FALSE,FALSE,,
メガプテラ,プテラ,Aerodactyl,Aerodactyl,Japanese,142,Kanto,FALSE,FALSE,TRUE,FALSE,FALSE,,
メガヘラクロス,ヘラクロス,Skarabon,Heracross,Japanese,214,Johto,FALSE,FALSE,TRUE,FALSE,FALSE,,
メガヘルガー,ヘルガー,Hundemon,Houndoom,Japanese,229,Johto,FALSE,FALSE,TRUE,FALSE,FALSE,,
メガミミロップ,ミミロップ,Schlapor,Lopunny,Japanese,428,Sinnoh,FALSE,FALSE,TRUE,FALSE,FALSE,,
メガミュウツーX,ミュウツー,Mewtu,Mewtwo,Japanese,150,Kanto,FALSE,FALSE,TRUE,FALSE,FALSE,,
メガミュウツーY,ミュウツー,Mewtu,Mewtwo,Japanese,150,Kanto,FALSE,FALSE,TRUE,FALSE,FALSE,,
メガメタグロス,メタグロス,Metagross,Metagross,Japanese,378,Hoenn,FALSE,FALSE,TRUE,FALSE,FALSE,,
メガヤミラミ,ヤミラミ,Zobiris,Sableye,Japanese,302,Hoenn,FALSE,FALSE,TRUE,FALSE,FALSE,,
メガヤンマ,メガヤンマ,Yanmega,Yanmega,Japanese,469,Sinnoh,FALSE,FALSE,FALSE,FALSE,FALSE,,
メガユキノオー,ユキノオー,Rexblisar,Abomasnow,Japanese,460,Sinnoh,FALSE,FALSE,TRUE,FALSE,FALSE,,
メガライボルト,ライボルト,Voltenso,Manectric,Japanese,310,Hoenn,FALSE,FALSE,TRUE,FALSE,FALSE,,
メガラグラージ,ラグラージ,Sumpex,Swampert,Japanese,260,Hoenn,FALSE,FALSE,TRUE,FALSE,FALSE,,
メガラティアス,ラティアス,Latias,Latias[b],Japanese,380,Hoenn,FALSE,FALSE,TRUE,FALSE,FALSE,,
メガラティオス,ラティオス,Latios,Latios[b],Japanese,381,Hoenn,FALSE,FALSE,TRUE,FALSE,FALSE,,
メガリザードン,リザードン,Glurak,Charizard,Japanese,6,Kanto,FALSE,FALSE,TRUE,FALSE,FALSE,,
メガルカリオ,ルカリオ,Lucario,Lucario,Japanese,448,Sinnoh,FALSE,FALSE,TRUE,FALSE,FALSE,,
メガルチャブル,ルチャブル,Resladero,Hawlucha,Japanese,701,Kalos,FALSE,FALSE,TRUE,FALSE,FALSE,,
メガレックウザ,レックウザ,Rayquaza,Rayquaza,Japanese,384,Hoenn,FALSE,FALSE,TRUE,FALSE,FALSE,,
メグロコ,メグロコ,Ganovil,Sandile,Japanese,551,Unova,FALSE,FALSE,FALSE,FALSE,FALSE,,
メタグロス,メタグロス,Metagross,Metagross,Japanese,376,Hoenn,FALSE,FALSE,FALSE,FALSE,FALSE,,
メタモン,メタモン,Ditto,Ditto,Japanese,132,Kanto,FALSE,FALSE,FALSE,FALSE,FALSE,,
メタング,メタング,Metang,Metang,Japanese,375,Hoenn,FALSE,FALSE,FALSE,FALSE,FALSE,,
メッソン,メッソン,Memmeon,Sobble,Japanese,816,Galar,FALSE,FALSE,FALSE,FALSE,FALSE,,
メテノ,メテノ,Meteno,Minior,Japanese,774,Alola,FALSE,FALSE,FALSE,FALSE,FALSE,,
メノクラゲ,メノクラゲ,Tentacha,Tentacool,Japanese,72,Kanto,FALSE,FALSE,FALSE,FALSE,FALSE,,
メブキジカ,メブキジカ,Kronjuwild,Sawsbuck,Japanese,586,Unova,FALSE,FALSE,FALSE,FALSE,FALSE,,
メラルバ,メラルバ,Ignivor,Larvesta,Japanese,636,Unova,FALSE,FALSE,FALSE,FALSE,FALSE,,
メリープ,メリープ,Voltilamm,Mareep,Japanese,179,Johto,FALSE,FALSE,FALSE,FALSE,FALSE,,
メルタン,メルタン,Meltan,Meltan,Japanese,808,Alola,FALSE,FALSE,FALSE,FALSE,FALSE,,
メルメタル,メルメタル,Melmetal,Melmetal,Japanese,809,Alola,FALSE,FALSE,FALSE,FALSE,FALSE,,
メレシー,メレシー,Rocara,Carbink,Japanese,703,Kalos,FALSE,FALSE,FALSE,FALSE,FALSE,,
メロエッタアリアフォーム,メロエッタ,Meloetta,Meloetta,Japanese,648,Unova,FALSE,TRUE,FALSE,FALSE,FALSE,,
メロエッタピロエットフォーム,メロエッタ,Meloetta,Meloetta,Japanese,648,Unova,FALSE,TRUE,FALSE,FALSE,FALSE,,
モウカザル,モウカザル,Panpyro,Monferno,Japanese,391,Sinnoh,FALSE,FALSE,FALSE,FALSE,FALSE,,
モグリュー,モグリュー,Rotomurf,Drilbur,Japanese,529,Unova,FALSE,FALSE,FALSE,FALSE,FALSE,,
モクロー,モクロー,Bauz,Rowlet,Japanese,722,Alola,FALSE,FALSE,FALSE,FALSE,FALSE,,
モココ,モココ,Waaty,Flaaffy,Japanese,180,Johto,FALSE,FALSE,FALSE,FALSE,FALSE,,
モジャンボ,モジャンボ,Tangoloss,Tangrowth,Japanese,465,Sinnoh,FALSE,FALSE,FALSE,FALSE,FALSE,,
モスノウ,モスノウ,Mottineva,Frosmoth,Japanese,873,Galar,FALSE,FALSE,FALSE,FALSE,FALSE,,
モトトカゲ,モトトカゲ,Mopex,Cyclizar,Japanese,967,Paldea,FALSE,FALSE,FALSE,FALSE,FALSE,,
モノズ,モノズ,Kapuno,Deino,Japanese,633,Unova,FALSE,FALSE,FALSE,FALSE,FALSE,,
モモワロウ,モモワロウ,Infamomo,Pecharunt,Japanese,1025,Paldea,FALSE,FALSE,FALSE,FALSE,FALSE,,
モルフォン,モルフォン,Omot,Venomoth,Japanese,49,Kanto,FALSE,FALSE,FALSE,FALSE,FALSE,,
モルペコ はらぺこもよう,モルペコ,Morpeko,Morpeko,Japanese,877,Galar,FALSE,FALSE,FALSE,FALSE,FALSE,,
モルペコ まんぷくもよう,モルペコ,Morpeko,Morpeko,Japanese,877,Galar,FALSE,FALSE,FALSE,FALSE,FALSE,,
モロバレル,モロバレル,Hutsassa,Amoongus,Japanese,591,Unova,FALSE,FALSE,FALSE,FALSE,FALSE,,
モンジャラ,モンジャラ,Tangela,Tangela,Japanese,114,Kanto,FALSE,FALSE,FALSE,FALSE,FALSE,,
モンメン,モンメン,Waumboll,Cottonee,Japanese,546,Unova,FALSE,FALSE,FALSE,FALSE,FALSE,,
ヤクデ,ヤクデ,Thermopod,Sizzlipede,Japanese,850,Galar,FALSE,FALSE,FALSE,FALSE,FALSE,,
ヤジロン,ヤジロン,Puppance,Baltoy,Japanese,343,Hoenn,FALSE,FALSE,FALSE,FALSE,FALSE,,
ヤトウモリ,ヤトウモリ,Molunk,Salandit,Japanese,757,Alola,FALSE,FALSE,FALSE,FALSE,FALSE,,
ヤドキング,ヤドキング,Laschoking,Slowking,Japanese,199,Johto,FALSE,FALSE,FALSE,FALSE,FALSE,,
ヤドラン,ヤドラン,Lahmus,Slowbro,Japanese,80,Kanto,FALSE,FALSE,FALSE,FALSE,FALSE,,
ヤドン,ヤドン,Flegmon,Slowpoke,Japanese,79,Kanto,FALSE,FALSE,FALSE,FALSE,FALSE,,
ヤナッキー,ヤナッキー,Vegichita,Simisage,Japanese,512,Unova,FALSE,FALSE,FALSE,FALSE,FALSE,,
ヤナップ,ヤナップ,Vegimak,Pansage,Japanese,511,Unova,FALSE,FALSE,FALSE,FALSE,FALSE,,
ヤバソチャ,ヤバソチャ,Fatalitcha,Sinistcha,Japanese,1013,Paldea,FALSE,FALSE,FALSE,FALSE,FALSE,,
ヤバチャ,ヤバチャ,Fatalitee,Sinistea,Japanese,854,Galar,FALSE,FALSE,FALSE,FALSE,FALSE,,
ヤブクロン,ヤブクロン,Unratütox,Trubbish,Japanese,568,Unova,FALSE,FALSE,FALSE,FALSE,FALSE,,
ヤミカラス,ヤミカラス,Kramurx,Murkrow,Japanese,198,Johto,FALSE,FALSE,FALSE,FALSE,FALSE,,
ヤミラミ,ヤミラミ,Zobiris,Sableye,Japanese,302,Hoenn,FALSE,FALSE,FALSE,FALSE,FALSE,,
ヤヤコマ,ヤヤコマ,Dartiri,Fletchling,Japanese,661,Kalos,FALSE,FALSE,FALSE,FALSE,FALSE,,
ヤルキモノ,ヤルキモノ,Muntier,Vigoroth,Japanese,288,Hoenn,FALSE,FALSE,FALSE,FALSE,FALSE,,
ヤレユータン,ヤレユータン,Kommandutan,Oranguru,Japanese,765,Alola,FALSE,FALSE,FALSE,FALSE,FALSE,,
ヤングース,ヤングース,Mangunior,Yungoos,Japanese,734,Alola,FALSE,FALSE,FALSE,FALSE,FALSE,,
ヤンチャム,ヤンチャム,Pam-Pam,Pancham,Japanese,674,Kalos,FALSE,FALSE,FALSE,FALSE,FALSE,,
ヤンヤンマ,ヤンヤンマ,Yanma,Yanma,Japanese,193,Johto,FALSE,FALSE,FALSE,FALSE,FALSE,,
ユキカブリ,ユキカブリ,Shnebedeck,Snover,Japanese,459,Sinnoh,FALSE,FALSE,FALSE,FALSE,FALSE,,
ユキノオー,ユキノオー,Rexblisar,Abomasnow,Japanese,460,Sinnoh,FALSE,FALSE,FALSE,FALSE,FALSE,,
ユキハミ,ユキハミ,Snomnom,Snom,Japanese,872,Galar,FALSE,FALSE,FALSE,FALSE,FALSE,,
ユキメノコ,ユキメノコ,Frosdedje,Froslass,Japanese,478,Sinnoh,FALSE,FALSE,FALSE,FALSE,FALSE,,
ユキワラシ,ユキワラシ,Schneppke,Snorunt,Japanese,361,Hoenn,FALSE,FALSE,FALSE,FALSE,FALSE,,
ユクシー,ユクシー,Selfe,Uxie,Japanese,480,Sinnoh,FALSE,FALSE,FALSE,FALSE,FALSE,,
ユニラン,ユニラン,Monozyto,Solosis,Japanese,577,Unova,FALSE,FALSE,FALSE,FALSE,FALSE,,
ユレイドル,ユレイドル,Wielie,Cradily,Japanese,346,Hoenn,FALSE,FALSE,FALSE,FALSE,FALSE,,
ユンゲラー,ユンゲラー,Kadabra,Kadabra,Japanese,64,Kanto,FALSE,FALSE,FALSE,FALSE,FALSE,,
ヨーギラス,ヨーギラス,Larvitar,Larvitar,Japanese,246,Johto,FALSE,FALSE,FALSE,FALSE,FALSE,,
ヨーテリー,ヨーテリー,Yorkleff,Lillipup,Japanese,506,Unova,FALSE,FALSE,FALSE,FALSE,FALSE,,
ヨクバリス,ヨクバリス,Schlaraffel,Greedent,Japanese,820,Galar,FALSE,FALSE,FALSE,FALSE,FALSE,,
ヨノワール,ヨノワール,Zwirrfinst,Dusknoir,Japanese,477,Sinnoh,FALSE,FALSE,FALSE,FALSE,FALSE,,
ヨマワル,ヨマワル,Zwirrklop,Duskull,Japanese,355,Hoenn,FALSE,FALSE,FALSE,FALSE,FALSE,,
ヨルノズク,ヨルノズク,Noctuh,Noctowl,Japanese,164,Johto,FALSE,FALSE,FALSE,FALSE,FALSE,,
ヨワシ,ヨワシ,Lusardin,Wishiwashi,Japanese,746,Alola,FALSE,FALSE,FALSE,FALSE,FALSE,,
ヨワシ むれたすがた,ヨワシ,Lusardin,Wishiwashi,Japanese,746,Alola,FALSE,TRUE,FALSE,FALSE,FALSE,,
ライコウ,ライコウ,Raikou,Raikou,Japanese,243,Johto,FALSE,FALSE,FALSE,FALSE,FALSE,,
ライスポス,ライスポス,Phantoross,Spectrier,Japanese,897,Galar,FALSE,FALSE,FALSE,FALSE,FALSE,,
ライチュウ,ライチュウ,Raichu,Raichu,Japanese,26,Kanto,FALSE,FALSE,FALSE,FALSE,FALSE,,
ライボルト,ライボルト,Voltenso,Manectric,Japanese,310,Hoenn,FALSE,FALSE,FALSE,FALSE,FALSE,,
ラウドボーン,ラウドボーン,Skelokrok,Skeledirge,Japanese,911,Paldea,FALSE,FALSE,FALSE,FALSE,FALSE,,
ラグラージ,ラグラージ,Sumpex,Swampert,Japanese,260,Hoenn,FALSE,FALSE,FALSE,FALSE,FALSE,,
ラクライ,ラクライ,Frizelbliz,Electrike,Japanese,309,Hoenn,FALSE,FALSE,FALSE,FALSE,FALSE,,
ラッキ,ラッキ,Chaneira,Chansey,Japanese,113,Kanto,FALSE,FALSE,FALSE,FALSE,FALSE,,
ラッタ,ラッタ,Rattikarl,Raticate,Japanese,20,Kanto,FALSE,FALSE,FALSE,FALSE,FALSE,,
ラティアス,ラティアス,Latias,Latias,Japanese,380,Hoenn,FALSE,FALSE,FALSE,FALSE,FALSE,,
ラティオス,ラティオス,Latios,Latios,Japanese,381,Hoenn,FALSE,FALSE,FALSE,FALSE,FALSE,,
ラビフット,ラビフット,Kickerlo,Raboot,Japanese,814,Galar,FALSE,FALSE,FALSE,FALSE,FALSE,,
ラブカス,ラブカス,Liebiskuss,Luvdisc,Japanese,370,Hoenn,FALSE,FALSE,FALSE,FALSE,FALSE,,
ラブトロス,ラブトロス,Cupidos,Enamorus,Japanese,905,Galar,FALSE,FALSE,FALSE,FALSE,FALSE,,
ラプラス,ラプラス,Lapras,Lapras,Japanese,131,Kanto,FALSE,FALSE,FALSE,FALSE,FALSE,,
ラフレシア,ラフレシア,Giflor,Vileplume,Japanese,45,Kanto,FALSE,FALSE,FALSE,FALSE,FALSE,,
ラムパルド,ラムパルド,Rameidon,Rampardos,Japanese,409,Sinnoh,FALSE,FALSE,FALSE,FALSE,FALSE,,
ラランテス,ラランテス,Mantidea,Lurantis,Japanese,754,Alola,FALSE,FALSE,FALSE,FALSE,FALSE,,
ラルトス,ラルトス,Trasla,Ralts,Japanese,280,Hoenn,FALSE,FALSE,FALSE,FALSE,FALSE,,
ランクルス,ランクルス,Zytomega,Reuniclus,Japanese,579,Unova,FALSE,FALSE,FALSE,FALSE,FALSE,,
ランターン,ランターン,Lanturn,Lanturn,Japanese,171,Johto,FALSE,FALSE,FALSE,FALSE,FALSE,,
ランドロス,ランドロス,Demeteros,Landorus,Japanese,645,Unova,FALSE,FALSE,FALSE,FALSE,FALSE,,
ランドロスれいじゅうフォルム,ランドロス,Demeteros,Landorus,Japanese,645,Unova,FALSE,FALSE,FALSE,FALSE,FALSE,,
ランプラー,ランプラー,Laternecto,Lampent,Japanese,608,Unova,FALSE,FALSE,FALSE,FALSE,FALSE,,
リーシャン,リーシャン,Klingplim,Chingling,Japanese,433,Sinnoh,FALSE,FALSE,FALSE,FALSE,FALSE,,
リーフィア,リーフィア,Folipurba,Leafeon,Japanese,470,Sinnoh,FALSE,FALSE,FALSE,FALSE,FALSE,,
リオル,リオル,Riolu,Riolu,Japanese,447,Sinnoh,FALSE,FALSE,FALSE,FALSE,FALSE,,
リキキリン,リキキリン,Farigiraf,Farigiraf,Japanese,981,Paldea,FALSE,FALSE,FALSE,FALSE,FALSE,,
リククラゲ,リククラゲ,Tenterra,Toadscruel,Japanese,949,Paldea,FALSE,FALSE,FALSE,FALSE,FALSE,,
リグレー,リグレー,Pygraulon,Elgyem,Japanese,605,Unova,FALSE,FALSE,FALSE,FALSE,FALSE,,
リザード,リザード,Glutexo,Charmeleon,Japanese,5,Kanto,FALSE,FALSE,FALSE,FALSE,FALSE,,
リザードン,リザードン,Glurak,Charizard,Japanese,6,Kanto,FALSE,FALSE,FALSE,FALSE,FALSE,,
リリーヤ,リリーヤ,Liliep,Lileep,Japanese,345,Hoenn,FALSE,FALSE,FALSE,FALSE,FALSE,,
リングマ,リングマ,Ursaring,Ursaring,Japanese,217,Johto,FALSE,FALSE,FALSE,FALSE,FALSE,,
ルージュラ,ルージュラ,Rossana,Jynx,Japanese,124,Kanto,FALSE,FALSE,FALSE,FALSE,FALSE,,
ルカリオ,ルカリオ,Lucario,Lucario,Japanese,448,Sinnoh,FALSE,FALSE,FALSE,FALSE,FALSE,,
ルガルガン たそがれのすがた,ルガルガン,Wolwerock,Lycanroc,Japanese,745,Alola,FALSE,FALSE,FALSE,FALSE,FALSE,,
ルガルガンまひるのすがた,ルガルガン,Wolwerock,Lycanroc,Japanese,745,Alola,FALSE,FALSE,FALSE,FALSE,FALSE,,
ルガルガンまよなかのすがた,ルガルガン,Wolwerock,Lycanroc,Japanese,745,Alola,FALSE,FALSE,FALSE,FALSE,FALSE,,
ルギア,ルギア,Lugia,Lugia,Japanese,249,Johto,FALSE,FALSE,FALSE,FALSE,FALSE,,
ルクシオ,ルクシオ,Luxio,Luxio,Japanese,404,Sinnoh,FALSE,FALSE,FALSE,FALSE,FALSE,,
ルチャブル,ルチャブル,Resladero,Hawlucha,Japanese,701,Kalos,FALSE,FALSE,FALSE,FALSE,FALSE,,
ルナアーラ,ルナアーラ,Lunala,Lunala,Japanese,792,Alola,FALSE,FALSE,FALSE,FALSE,FALSE,,
ルナトーン,ルナトーン,Lunastein,Lunatone,Japanese,337,Hoenn,FALSE,FALSE,FALSE,FALSE,FALSE,,
ルリリ,ルリリ,Azurill,Azurill,Japanese,298,Hoenn,FALSE,FALSE,FALSE,FALSE,FALSE,,
ルンパッパ,ルンパッパ,Kappalores,Ludicolo,Japanese,272,Hoenn,FALSE,FALSE,FALSE,FALSE,FALSE,,
レアコイル,レアコイル,Magneton,Magneton,Japanese,82,Kanto,FALSE,FALSE,FALSE,FALSE,FALSE,,
レジアイス,レジアイス,Regice,Regice,Japanese,378,Hoenn,FALSE,FALSE,FALSE,FALSE,FALSE,,
レジイレキ,レジイレキ,Regieleki,Regieleki,Japanese,894,Galar,FALSE,FALSE,FALSE,FALSE,FALSE,,
レジギガス,レジギガス,Regigigas,Regigigas,Japanese,486,Sinnoh,FALSE,FALSE,FALSE,FALSE,FALSE,,
レジスチル,レジスチル,Registeel,Registeel,Japanese,379,Hoenn,FALSE,FALSE,FALSE,FALSE,FALSE,,
レジドラゴ,レジドラゴ,Regidrago,Regidrago,Japanese,895,Galar,FALSE,FALSE,FALSE,FALSE,FALSE,,
レシラム,レシラム,Reshiram,Reshiram,Japanese,643,Unova,FALSE,FALSE,FALSE,FALSE,FALSE,,
レジロック,レジロック,Regirock,Regirock,Japanese,377,Hoenn,FALSE,FALSE,FALSE,FALSE,FALSE,,
レヂィアン,レヂィアン,Ledian,Ledian,Japanese,166,Johto,FALSE,FALSE,FALSE,FALSE,FALSE,,
レヂィバ,レヂィバ,Ledyba,Ledyba,Japanese,165,Johto,FALSE,FALSE,FALSE,FALSE,FALSE,,
レックウザ,レックウザ,Rayquaza,Rayquaza,Japanese,384,Hoenn,FALSE,FALSE,FALSE,FALSE,FALSE,,
レドームシ,レドームシ,Keradar,Dottler,Japanese,825,Galar,FALSE,FALSE,FALSE,FALSE,FALSE,,
レパルダス,レパルダス,Kleoparda,Liepard,Japanese,510,Unova,FALSE,FALSE,FALSE,FALSE,FALSE,,
レントラー,レントラー,Luxtra,Luxray,Japanese,405,Sinnoh,FALSE,FALSE,FALSE,FALSE,FALSE,,
ローブシン,ローブシン,Meistagrif,Conkeldurr,Japanese,534,Unova,FALSE,FALSE,FALSE,FALSE,FALSE,,
ロコン,ロコン,Vulpix,Vulpix,Japanese,37,Kanto,FALSE,FALSE,FALSE,FALSE,FALSE,,
ロズレイド,ロズレイド,Roserade,Roserade,Japanese,407,Sinnoh,FALSE,FALSE,FALSE,FALSE,FALSE,,
ロゼリア,ロゼリア,Roselia,Roselia,Japanese,315,Hoenn,FALSE,FALSE,FALSE,FALSE,FALSE,,
ロトム,ロトム,Rotom,Rotom,Japanese,479,Sinnoh,FALSE,TRUE,FALSE,FALSE,FALSE,,
ワカシャモ,ワカシャモ,Jungglut,Combusken,Japanese,256,Hoenn,FALSE,FALSE,FALSE,FALSE,FALSE,,
ワシボン,ワシボン,Geronimatz,Rufflet,Japanese,627,Unova,FALSE,FALSE,FALSE,FALSE,FALSE,,
ワタシラガ,ワタシラガ,Cottomi,Eldegoss,Japanese,830,Galar,FALSE,FALSE,FALSE,FALSE,FALSE,,
ワタッコ,ワタッコ,Papungha,Jumpluff,Japanese,189,Johto,FALSE,FALSE,FALSE,FALSE,FALSE,,
ワッカネズミ,ワッカネズミ,Zwieps,Tandemaus,Japanese,924,Paldea,FALSE,FALSE,FALSE,FALSE,FALSE,,
ワナイダー,ワナイダー,Spinsidias,Spidops,Japanese,918,Paldea,FALSE,FALSE,FALSE,FALSE,FALSE,,
ワニノコ,ワニノコ,Karnimani,Totodile,Japanese,158,Johto,FALSE,FALSE,FALSE,FALSE,FALSE,,
ワルビアル,ワルビアル,Rabigator,Krookodile,Japanese,553,Unova,FALSE,FALSE,FALSE,FALSE,FALSE,,
ワルビル,ワルビル,Rokkaiman,Krokorok,Japanese,552,Unova,FALSE,FALSE,FALSE,FALSE,FALSE,,
ワンパチ,ワンパチ,Voldi,Yamper,Japanese,835,Galar,FALSE,FALSE,FALSE,FALSE,FALSE,,
ワンリキー,ワンリキー,Machollo,Machop,Japanese,66,Kanto,FALSE,FALSE,FALSE,FALSE,FALSE,,
